:020000040800F2
:10000000401A022079290008876A0008652900083B
:10001000652900086529000865290008000000001E
:10002000000000000000000000000000392A000865
:100030006529000800000000D9290008313B0008AC
:10004000B12B0008B12B0008B12B0008B12B000820
:10005000B12B0008B12B0008B12B0008B12B000810
:10006000B12B0008B12B0008B12B0008B12B000800
:10007000B12B0008B12B0008B12B0008B12B0008F0
:10008000B12B0008B12B0008B12B0008B12B0008E0
:10009000B12B0008B12B0008B12B0008B12B0008D0
:1000A000B12B0008B12B0008B12B0008B12B0008C0
:1000B000B12B0008B12B0008B12B0008B12B0008B0
:1000C000B12B0008B12B0008B12B0008B12B0008A0
:1000D000B12B0008B12B0008B12B0008B12B000890
:1000E000B12B0008B12B0008B12B0008B12B000880
:1000F000B12B0008B12B0008B12B0008B12B000870
:10010000B12B0008B12B0008B12B0008B12B00085F
:10011000B12B0008B12B0008B12B0008B12B00084F
:10012000B12B0008B12B0008B12B0008B12B00083F
:10013000B12B0008B12B0008B12B0008B12B00082F
:10014000B12B0008B12B0008B12B0008B12B00081F
:10015000B12B0008B12B0008B12B0008B12B00080F
:10016000B12B0008B12B0008B12B0008B12B0008FF
:10017000B12B0008B12B0008B12B0008B12B0008EF
:10018000B12B0008B12B0008B12B0008B12B0008DF
:10019000B12B0008B12B0008B12B0008B12B0008CF
:1001A000B12B0008B12B0008B12B0008B12B0008BF
:1001B000B12B0008B12B0008B12B0008B12B0008AF
:1001C000B12B0008B12B0008B12B0008B12B00089F
:1001D000B12B0008B12B0008B12B0008B12B00088F
:1001E000B12B0008B12B0008B12B0008B12B00087F
:0801F000B12B0008B12B00083F
:1001F80081F0004102E000BF83F0004330B54FEAD0
:1002080041044FEA430594EA050F08BF90EA020F3C
:100218001FBF54EA000C55EA020C7FEA645C7FEACF
:10022800655C00F0E2804FEA5454D4EB5555B8BFF2
:100238006D420CDD2C4480EA020281EA030382EA63
:10024800000083EA010180EA020281EA0303362DF5
:1002580088BF30BD11F0004F4FEA01314FF4801CC8
:100268004CEA113102D0404261EB410113F0004FDA
:100278004FEA03334CEA133302D0524263EB430391
:1002880094EA050F00F0A780A4F10104D5F1200E2F
:100298000DDB02FA0EFC22FA05F2801841F100018A
:1002A80003FA0EF2801843FA05F359410EE0A5F15E
:1002B80020050EF1200E012A03FA0EFC28BF4CF08F
:1002C800020C43FA05F3C01851EBE37101F0004545
:1002D80007D54FF0000EDCF1000C7EEB00006EEB52
:1002E8000101B1F5801F1BD3B1F5001F0CD34908DC
:1002F8005FEA30004FEA3C0C04F101044FEA445233
:1003080012F5800F80F09A80BCF1004F08BF5FEAB9
:10031800500C50F1000041EB045141EA050130BD99
:100328005FEA4C0C404141EB0101013C28BFB1F5AB
:10033800801FE9D291F0000F04BF01460020B1FAF6
:1003480081F308BF2033A3F10B03B3F120020CDAC9
:100358000C3208DD02F1140CC2F10C0201FA0CF0A7
:1003680021FA02F10CE002F11402D8BFC2F1200C0C
:1003780001FA02F120FA0CFCDCBF41EA0C019040C2
:10038800E41AA2BF01EB0451294330BD6FEA04040B
:100398001F3C1CDA0C340EDC04F11404C4F12002F6
:1003A80020FA04F001FA02F340EA030021FA04F308
:1003B80045EA030130BDC4F10C04C4F1200220FA5F
:1003C80002F001FA04F340EA0300294630BD21FA9D
:1003D80004F0294630BD94F0000F83F4801306BF63
:1003E80081F480110134013D4EE77FEA645C18BF57
:1003F8007FEA655C29D094EA050F08BF90EA020FEE
:1004080005D054EA000C04BF1946104630BD91EAE5
:10041800030F1EBF0021002030BD5FEA545C05D1E8
:100428004000494128BF41F0004130BD14F5800427
:100438003CBF01F5801130BD01F0004545F0FE419B
:1004480041F470014FF0000030BD7FEA645C1ABFD0
:10045800194610467FEA655C1CBF0B46024650EA07
:10046800013406BF52EA033591EA030F41F4002133
:1004780030BD00BF90F0000F04BF0021704730B5B9
:100488004FF4806404F132044FF000054FF000018E
:1004980050E700BF90F0000F04BF0021704730B54F
:1004A8004FF4806404F1320410F0004548BF404224
:1004B8004FF000013EE700BF42004FEAE2014FEA79
:1004C80031014FEA02701FBF12F07F4393F07F4F54
:1004D80081F06051704732F07F4208BF704793F057
:1004E8007F4F04BF41F40021704730B54FF460746A
:1004F80001F0004521F000411CE700BF50EA01026D
:1005080008BF704730B54FF000050AE050EA010215
:1005180008BF704730B511F0004502D5404261EB85
:1005280041014FF4806404F132045FEA915C3FF4C6
:10053800D8AE4FF003025FEADC0C18BF03325FEA63
:10054800DC0C18BF033202EBDC02C2F1200300FA14
:1005580003FC20FA02F001FA03FE40EA0E0021FA39
:1005680002F11444BDE600BF80F0004002E000BF85
:1005780081F0004142001FBF5FEA410392EA030F86
:100588007FEA226C7FEA236C6AD04FEA1262D2EBD0
:100598001363C1BFD218414048404140B8BF5B42D5
:1005A800192B88BF704710F0004F40F4000020F06E
:1005B8007F4018BF404211F0004F41F4000121F084
:1005C8007F4118BF494292EA030F3FD0A2F10102CE
:1005D80041FA03FC10EB0C00C3F1200301FA03F10C
:1005E80000F0004302D5494260EB4000B0F5000F2F
:1005F80013D3B0F1807F06D340084FEA310102F1EE
:100608000102FE2A51D2B1F1004F40EBC25008BF9F
:1006180020F0010040EA03007047490040EB000069
:10062800013A28BFB0F5000FEDD2B0FA80FCACF16A
:10063800080CB2EB0C0200FA0CF0AABF00EBC25097
:1006480052421843BCBFD0401843704792F0000F85
:1006580081F4000106BF80F400000132013BB5E7D8
:100668004FEA41037FEA226C18BF7FEA236C21D04E
:1006780092EA030F04D092F0000F08BF08467047B3
:1006880090EA010F1CBF0020704712F07F4F04D181
:10069800400028BF40F00040704712F100723CBF94
:1006A80000F50000704700F0004343F0FE4040F4BE
:1006B800000070477FEA226216BF08467FEA23637C
:1006C8000146420206BF5FEA412390EA010F40F467
:1006D800800070474FF0000304E000BF10F00043B3
:1006E80048BF40425FEA000C08BF704743F096439A
:1006F80001464FF000001CE050EA010208BF7047B5
:100708004FF000030AE000BF50EA010208BF70473B
:1007180011F0004302D5404261EB41015FEA010C50
:1007280002BF84460146002043F0B64308BFA3F148
:100738008053A3F50003BCFA8CF2083AA3EBC2532A
:1007480010DB01FA02FC634400FA02FCC2F1200249
:10075800BCF1004F20FA02F243EB020008BF20F080
:100768000100704702F1200201FA02FCC2F12002E6
:1007780050EA4C0021FA02F243EB020008BF20EADB
:10078800DC7070474FF0FF0C1CEAD0521EBF1CEA09
:10079800D15392EA0C0F93EA0C0F6FD01A4480EAF7
:1007A800010C400218BF5FEA41211ED04FF00063E0
:1007B80043EA501043EA5111A0FB01310CF000400C
:1007C800B1F5000F3EBF490041EAD3715B0040EA32
:1007D800010062F17F02FD2A1DD8B3F1004F40EB02
:1007E800C25008BF20F00100704790F0000F0CF0D5
:1007F800004C08BF49024CEA502040EA51207F3A99
:10080800C2BFD2F1FF0340EAC250704740F4000073
:100818004FF00003013A5DDC12F1190FDCBF00F064
:1008280000407047C2F10002410021FA02F1C2F112
:10083800200200FA02FC5FEA310040F1000053EAAE
:100848004C0308BF20EADC70704792F0000F00F0FC
:10085800004C02BF400010F4000F013AF9D040EA02
:100868000C0093F0000F01F0004C02BF490011F496
:10087800000F013BF9D041EA0C018FE70CEAD15394
:1008880092EA0C0F18BF93EA0C0F0AD030F0004C14
:1008980018BF31F0004CD8D180EA010000F00040C8
:1008A800704790F0000F17BF90F0004F084691F086
:1008B800000F91F0004F14D092EA0C0F01D14202C0
:1008C8000FD193EA0C0F03D14B0218BF084608D189
:1008D80080EA010000F0004040F0FE4040F40000D3
:1008E800704740F0FE4040F4400070474FF0FF0C66
:1008F8001CEAD0521EBF1CEAD15392EA0C0F93EAAD
:100908000C0F69D0A2EB030280EA010C49024FEAFE
:10091800402037D04FF0805343EA111143EA1013B7
:100928000CF000408B4238BF5B0042F17D024FF46F
:10093800000C8B4224BF5B1A40EA0C00B3EB510F4A
:1009480024BFA3EB510340EA5C00B3EB910F24BF33
:10095800A3EB910340EA9C00B3EBD10F24BFA3EBB8
:10096800D10340EADC001B0118BF5FEA1C1CE0D180
:10097800FD2A3FF650AF8B4240EBC25008BF20F033
:10098800010070470CF0004C4CEA50207F32C2BF87
:10099800D2F1FF0340EAC250704740F400004FF024
:1009A8000003013A37E792F0000F00F0004C02BF55
:1009B800400010F4000F013AF9D040EA0C0093F01F
:1009C800000F01F0004C02BF490011F4000F013B79
:1009D800F9D041EA0C0195E70CEAD15392EA0C0FE1
:1009E80008D142027FF47DAF93EA0C0F7FF470AF19
:1009F800084676E793EA0C0F04D14B023FF44CAF5C
:100A080008466EE730F0004C18BF31F0004CCAD1F0
:100A180030F000427FF45CAF31F000437FF43CAF2C
:100A28005FE700BF4FF0FF3C06E000BF4FF0010C4E
:100A380002E000BF4FF0010C4DF804CD4FEA400230
:100A48004FEA41037FEA226C18BF7FEA236C11D07A
:100A580001B052EA530C18BF90EA010F58BFB2EB2D
:100A6800030088BFC81738BF6FEAE17018BF40F0AD
:100A7800010070477FEA226C02D15FEA402C05D161
:100A88007FEA236CE4D15FEA412CE1D05DF8040BE6
:100A9800704700BF844608466146FFE70FB5FFF779
:100AA800C9FF002848BF10F1000F0FBD4DF808ED31
:100AB800FFF7F4FF0CBF012000205DF808FB00BF22
:100AC8004DF808EDFFF7EAFF34BF012000205DF87C
:100AD80008FB00BF4DF808EDFFF7E0FF94BF0120C9
:100AE80000205DF808FB00BF4DF808EDFFF7D2FFC6
:100AF80094BF012000205DF808FB00BF4DF808ED09
:100B0800FFF7C8FF34BF012000205DF808FB00BFD5
:100B18004FEA4002B2F1FE4F0FD34FF09E03B3EB02
:100B280012620DD94FEA002343F0004310F0004F42
:100B380023FA02F018BF404270474FF00000704798
:100B480012F1610F01D1420205D110F0004008BF37
:100B58006FF0004070474FF00000704753B94AB932
:100B6800002908BF00281CBF4FF0FF314FF0FF30AD
:100B780000F00CB8ADF1080C6DE904CE00F010F8E7
:100B8800DDF804E0DDE9022304B07047704700BFD8
:100B9800034613F8012B002AFBD1181A01387047B5
:100BA8002DE9F04786468C460846089E1546744649
:100BB8001946002B40F0C2808542B2FA82F245D92C
:100BC8004AB1C2F1200300FA02FC2EFA03F3954061
:100BD80043EA0C0C94404FEA154EA8B2BCFBFEF851
:100BE800230C0EFB18CC08FB00F943EA0C4399458B
:100BF80028D9EB1808F1FF3704D2994502D9A8F192
:100C080002072B44A3EB0903A4B2B3FBFEFC0EFBC3
:100C18001C330CFB00F044EA0344A04214D92C19FD
:100C28000CF1FF3304D2A04202D9ACF102032C44E8
:100C3800241A43EA07401EB1D4400023346073608D
:100C4800BDE8F0874746DDE76346F1E792BB431B03
:100C580001214FEA154EAFB2B3FBFEFC200C0EFB90
:100C68001C330CFB07F840EA0343984562D9EB189C
:100C78000CF1FF3004D2984502D9ACF102002B44A4
:100C8800A3EB0803A4B2B3FBFEFC0EFB1C330CFB66
:100C980007F744EA0344A7424ED92C190CF1FF3355
:100CA80004D2A74202D9ACF102032C44E41B43EA64
:100CB8000040C0E7C2F1200320FA03F195409040BC
:100CC8002EFA03F303434FEA154EAFB2B1FBFEFC15
:100CD8000EFB1C10190C0CFB07F841EA0041884573
:100CE80004FA02F422D969180CF1FF3004D28845BD
:100CF80002D9ACF102002944A1EB08019BB2B1FB77
:100D0800FEFC0EFB1C110CFB07F743EA01439F4254
:100D18000ED9EB180CF1FF3104D29F4202D9ACF185
:100D280002012B44DB1B41EA004192E76046E3E7FE
:100D38006146F7E76046A3E76346B7E7834206D90B
:100D480016B9002108467BE7C6E900E0F9E7B3FADF
:100D580083F78FB9834201D3724508D8BEEB0204EA
:100D680060EB030301209C461EB9002168E7384662
:100D7800FAE7C6E9004CF8E7C7F1200CBB4022FAB5
:100D88000CF41C432EFA0CF120FA0CF3B840014382
:100D98004FEA14490EFA07F5B3FBF9F81FFA84FE77
:100DA80009FB18300B0C08FB0EFA43EA00439A457E
:100DB80002FA07F240D9E31808F1FF3004D29A4545
:100DC80002D9A8F102002344A3EB0A0389B2B3FBBA
:100DD800F9F809FB183308FB0EFE41EA03418E457A
:100DE8002CD9611808F1FF3304D28E4502D9A8F135
:100DF8000203214443EA0040A0FB0298A1EB0E0144
:100E08004145CE46434602D306D14D4504D2B9EBFF
:100E1800020E68EB04030138002EA6D0B5EB0E02D3
:100E280061EB030101FA0CFC22FA07F34CEA030315
:100E3800F940C6E9003198E74046C5E74346D9E797
:100E48002DE9F04F85B000AF234A0321234805F070
:100E58003CFD234800F04EF8054658B14FF0FF35E9
:100E6800204A01211D4805F030FD28461437BD46AB
:100E7800BDE8F08F1C4B3C460426DFF870B0DFF865
:100E88005CA00FCB87E80F00E94688B02068E846E9
:100E9800C8F814B0FFF710FB42460423C8E906015E
:100EA80042F8103F002350464FF4035100F090FFE2
:100EB8000B48CD4654F8041B00F06AF842F2107053
:100EC800002106F064FA013EDED1094A03210348F5
:100ED80005F0FBFCC9E700BFDA850008587F000869
:100EE80040820008FC850008A07F00081A860008D8
:100EF8003486000837B50546006806F082F948B917
:100F08006FF012041C4A01211C4805F0DEFC204643
:100F180003B030BDA86806F074F90028F0D028693D
:100F280006F06FF90028EBD0284605F044F804468F
:100F380030B1134A03460121104805F0CFFCE6E71B
:100F480005F1080005F037F8044610B10D4A0346CC
:100F5800F1E705F1100005F02EF8044610B10A4A31
:100F68000346E8E7D5E90632032100920348074A19
:100F780005F0BEFCCBE700BF5F860008707F000865
:100F88007D8600089E860008BE860008DD8600086B
:100F98002DE9F0470E4600AF05460846FFF78CFAE4
:100FA8008046894630460021FFF794FD28B93A4922
:100FB8003046FFF7A3FD0446A8B16C4688B06A46E0
:100FC800364B53610423C2E9068942F8103F34487E
:100FD80000234FF4025100F0FBFE6FF01500A54608
:100FE800BD46BDE8F087A869FFF778FB82462A4925
:100FF8003046FFF77BFC01465046EA46FFF7C2FB46
:101008000646E869FFF76AFB01463046FFF7BAFB78
:10101800FFF77EFD8AB006466A46224B106253618E
:101028000523C2E9068942F8103F05F11008234656
:101038004FF423511A4800F0CBFE21464046D546CE
:1010480004F0D4FF0021642006F0A1F9012105F184
:10105800080004F0CBFF0A2006F0C1F9A6424FF0C1
:10106800010109DC404604F0C1FF0D4803210E4A86
:1010780005F02BFC0020B3E7284604F0B7FF0A2050
:1010880006F0ADF90021284604F0B0FF4FF47A705D
:10109800013406F0A4F9E1E70000B4430F87000823
:1010A800707F0008288700084A8700082DE9F04F5C
:1010B80091B0840705460E46009302F00403DDF85C
:1010C80068800293C2F3C203039203F101030593FC
:1010D80040F0BA81041D30B1072909D86FF01B0010
:1010E80011B0BDE8F08F01F007063444C6F10806D8
:1010F800009B4FF000094FF0040A591E4FF0FF33D0
:101108004F46CB4601935346CDF810900DB1009A47
:1011180022600598002800F3E8809848009A8242E7
:1011280003D397488242C0F0E080039AA4EB050EEF
:1011380092074FEA9E0000F103810F2F00F2B18061
:10114800002D00F0058107F140020DEB020C019A19
:101158000CF8200C0CF8102C049801300490E7E0EF
:101168007A285DD84B280ED8472859D829282DD851
:10117800252852D054D820287AD02338D0F1000B13
:101188004BEB000B74E04C382E2849D8DFE800F010
:101198007048484848484848484848484B4848489C
:1011A800484848484859484B4B595959704B6D481D
:1011B8007048184B184848827F4B48484B487F0076
:1011C80000204FF0000B4FF0040A38E02A380122C3
:1011D800C0B202FA00F010EA0E0F49D110F0625CBA
:1011E8002FD110EA020B43D06046013C5444B4FBB3
:1011F800FAF40AFB04F4002D61D0A3EB050CA44417
:10120800B4453FF66BAF002868D1042B47D158F896
:10121800043B2360043404232AE0019A013A019232
:101228004FF0000B24E011F8010C6C2834D111F8B0
:10123800023C00206C2B8346C5D14FF0080A534668
:10124800D3E708F10708073428F0070824F0070453
:10125800F8E802AB35B106982044B0423FF63EAFFD
:10126800C4E900AB08344FF0000B4FF0080A5346AE
:1012780011F8010F002878D0BBF1000F7FF470AF90
:101288002528F5D1019B4FF0010B013301934FF055
:10129800040AECE7584694E700208346A5E7082BA4
:1012A80002D06FF015001BE708F1070828F00708BF
:1012B800F8E80223C4E9002308340823D8E768B90A
:1012C800042B02D108F10408A4E7082BE9D108F19E
:1012D800070828F0070808F10808EDE7059A013A19
:1012E800059258F8042B009210E7039A900720D52E
:1012F800A4EB050E4FF0010C4FEA9E00BEF5007FEF
:10130800CFD20F2FCDD8F5B107F14002C0B20DEB07
:10131800020E019A0EF8200C0EF8102CBCF1000FEA
:101328003FF41AAF60F07F0009F101090EF8200CB4
:101338000137C5F1080204344FF6DA7E069297E7C2
:101348004FF0000CDAE7BCF1000F01D00136EFE7EF
:10135800029802360028EBD10098CDE90631FFF754
:1013680017FC0644DDE90631E2E7631BB3F5806F3D
:1013780097D23DB9A6F10804E018B1E6AC780008A8
:10138800089100089B08029A28602B709DF810307D
:10139800C2B1EB7085F80290B9F1000F05D008A82A
:1013A8000022C5F1010C97420ED1C5F101030DF1E0
:1013B80020084FF0000A0DF1300B0193574512D168
:1013C800601B8DE66B70E5E710F8013B190608D540
:1013D8000CEB040E03F07F03B6453FF67FAE04F82E
:1013E800013B0132DFE7B9F1000F03D098F9002083
:1013F800002A17DB029BD3B11AF80B2004F8012B43
:101408000022019B18191044B0423FF667AE98F8C5
:101418000000009904F8010B2046039206F05CF8DE
:10142800039A14440AF1010A08F10108C6E798F87A
:10143800002055F822300093029B009845F822308E
:10144800FFF7A6FB421CDCE76FF00D0048E600BF83
:101458002DE9F04F97B00446894600AF90F802A0F6
:10146800D7F880B03B62CBF3C003FA62BB6141B9E5
:10147800457800780AEB800020444D4517D8A0EB4A
:101488000409E378FB61BAF1000F02D01BF0010FE9
:1014980016D1FB6953BBFB6A1BB13A6A4946204621
:1014A80098474D4628465C37BD46BDE8F08F461C38
:1014B80009F101093046FFF76BFB01303044DCE7E6
:1014C8002378626899007A62FA6A796104EB830189
:1014D800002A40F000814D460E4601EB0A094FF004
:1014E80000084E454CD101EB0A0610E01BF0020F34
:1014F800D1D023789A0004EB83017A6162687A621A
:10150800FA6A002A77D14D4601EB0A0690461BF08D
:10151800050F0CBF02230123FB62FB6906EB430A9C
:101528000BF00203BB625645BCD016F8021B16F836
:10153800013C54F82390994B994502D3984B99450F
:1015480036D3BB69002B40D0786A04F075FE0028BA
:101558003BD0E9468AB06A46924B53617B6AC2E93E
:1015680006314FF4007313848F4B42F8103F002369
:101578004FF412518D48023D00F02AFCCD46D2E7C7
:1015880016F8013BF96254F82300FFF701FBD7F87E
:1015980084300130F96A4BB1D7F8883098453EBF9E
:1015A800D7F8843023F8180008F10108054498E7B3
:1015B800BB6923B1786A04F03FFE0028C9D11BF04B
:1015C800010F05D1FB6AED1AADE7BB6A002BAAD063
:1015D8004846FFF7DDFAD7F8843053B1D7F888309A
:1015E80098453FBF431CD7F8842022F8183008F1EB
:1015F8000108054497E7BAF1000F72D01BF0040602
:1016080072D0D046002607F1480052463B61B962C5
:1016180005F062FFB96A3B6901EB0A02F969BA622F
:10162800FA695200FA60BA6A02EB41023A610BF0B9
:101638000202BA603A69B96A8A4257D11BF0020FAE
:1016480062780CBF4FEA580100217A621BF0010F43
:101658003244D2B240F09F801BF0040F14BF4046C2
:101668000020BB616270A0702046E1703A6A796917
:10167800FB6A9847051EFFF615AFBB6941463A6AF3
:1016880007F1480023707B6A84F802A06370FB6945
:10169800E370FB6A9847B0F10008C0F2BB807B6931
:1016A800A9EB0A013A6AC91AFB68C91AD7E90A03F9
:1016B80098470028C0F2B080A8444FF0000B07F10B
:1016C800380A08EB0005B34572D300213A6AFB6A71
:1016D80008469847E6E656464FF0000807F13800F6
:1016E80093E75646D04697E7B04695E7BA6A12F8A8
:1016F800021B12F8015CBA6254F82500274A90428E
:1017080002D3274A90421ED3BA6932B1786A7B6005
:1017180004F092FD7B6800288CD1BA6802BB08F1FE
:10172800280207F1300C08F1010008F1020894447E
:1017380007F158025FFA88F852FA80F00CF8101C8A
:1017480000F8105C76E7BA693AB1786A7B6004F011
:1017580073FD7B6800287FF46DAF1BF0010F09D083
:1017680006F1280207F13000711C161806F8205CF3
:10177800CEB25FE71BF0040F3FF45CAF08F128021C
:1017880007F1300008F1010102EB000808F8105CCD
:101798005FFA81F84EE7002063E700BFAC780008E5
:1017A800089100086187000804000001307F0008E4
:1017B8001BF80A3054F8239087F83730D7F884306C
:1017C8002BB3D7F888309B4521D2D7F8843033F82B
:1017D8001B803A6A012107F13700FB6A9847002805
:1017E8001ADB0544B8F1000F06D14846FFF7D0F9D7
:1017F80000F101081FFA88F83A6A41464846FB6A30
:101808009847002808DB05440BF1010B5BE74FF014
:101818000008DEE7454645E6054643E6014B186005
:10182800704700BF0000022080B505460E461746E7
:10183800984602F071FFDFF82090034606F028F87A
:101848000446424649F8003039463046A84754F81D
:10185800090001F0A7F800BF08000000034A0020B3
:10186800536823F002035360704700BF002004E070
:10187800064B1A6842F400721A601A6842F48072C1
:101888001A60034B034A1A60704700BF003C0240CD
:10189800400002200024F4002DE9F04704460746E2
:1018A8004FF00109DFF8508014B93846BDE8F087D9
:1018B80094FAA4F5B5FA85F509FA05F32E0108EBB3
:1018C80005156FEA030A24EA03042B7B002BEBD0EF
:1018D80058F806301B694BB946440422284607EAE3
:1018E8000A077368196804F080FFDDE728469847FF
:1018F8000028D9D1F0E700BF907F000830B500225A
:1019080089B00F490F4805F0BFFD002200230024CD
:101918000D4D0E4928460094CDE906230E234FF4B9
:101928004072CDE90334CDE90144094B02F0A6FC2D
:101938000849284605F095FC204609B030BD00BF8F
:101948006119000858050220D00002204009022031
:101958007D1C000829880008014802F0E7BB00BF89
:10196800BC0002202DE9F047804620480F4604F0CD
:1019780014FF0646002832D000252846BDE8F08727
:10198800237B83B12368DB680BB1204698476368E3
:1019980083F8069023681B69CBB963680422204644
:1019A800196804F022FF013610345445E8D3B8F121
:1019B800000FE2D0002DDFD02846FFF76DFF054667
:1019C800002FF7D00021642005F0E1FCF2E7204663
:1019D80098470028E1D009FA06F31D43E3E7044CD1
:1019E8000546DFF810A04FF00109DEE75007022096
:1019F800907F0008A07F0008014B53F82000704733
:101A08007482000808B5034608462BB1044A1360DF
:101A180000F074FC002008BD6FF01500FBE700BF64
:101A28000400022010B5044C237813B9034802F0CF
:101A38007DFB0123237010BD30090220BC00022069
:101A480010B504460B4804F0A8FE5CB10A4BBFF37E
:101A58005B8F53E8001F013943E80012002AF8D1D0
:101A6800BFF35B8F054805F01BFD0548BDE8104036
:101A780002F05CBB480702204C07022058050220F0
:101A8800BC0002200020064BBFF35B8F014653E8E1
:101A9800000F43E80012002AF9D1BFF35B8F7047AB
:101AA8004807022070B5FFF7EDFF084C0546084EC1
:101AB800B44200D370BD63685B792BB123685B685F
:101AC80013B12946204698471034F1E7907F000863
:101AD800A07F000810B5044C0449204604F0E3FC3C
:101AE800034B1C6010BD00BF80000220608200080C
:101AF8004007022000230D4A4FF47A710C4810B5B4
:101B080013700C4A13600C4A1360FFF77BFFFFF752
:101B1800E1FF0A4B0A4918468B4200D310BD1A1A36
:101B28005C681033121101322271F5E73109022085
:101B3800BD670008480702204C070220907F000874
:101B4800A07F0008014600220023014804F0CCBC15
:101B580080000220014804F065BD00BF800002201B
:101B6800024B0146186804F0B1BD00BF40070220CF
:101B7800014804F0E6BD00BF80000220264B70B586
:101B88001878002846D0FFF7E5FF054600283ED123
:101B9800224B234C1B68002B12DD05F073FC0A2234
:101BA8000023FEF7DBFFD4E90032C01A40F2E93324
:101BB80061EB0201984271F1000101D3FFF772FF56
:101BC800D4E9003213F57A7342F10002C4E9003215
:101BD800BDE87040FFF7CCBF63685B7923B1236829
:101BE800294620461B6898471034B442F4D3284647
:101BF800FFF7B6FF0B4BBFF35B8F53E8001F0139AC
:101C080043E80012002AF8D1BFF35B8FC0E7064C07
:101C1800064EEAE770BD00BF3009022048070220DF
:101C2800500502204C070220907F0008A07F000882
:101C380070B50D4D297861B90C4C01200C4EFFF799
:101C480091FEB44206D3FFF799FF0028FBD1012388
:101C58002B7070BD63685B791BB1236820469B6855
:101C680098471034EDE700BF31090220907F000843
:101C7800A07F000800212DE9F0470846FFF772FE13
:101C8800044658B34FF4FA784FF000091C4B05F09E
:101C9800FFFD1C4A1B58136033B11B4B1B68092BF3
:101CA80002DD1A4802F042FA0025194FDFF85CA05D
:101CB80044B12046FFF7F0FD044618B94FF0FF384D
:101CC8004FF0FF39FFF75AFF064628B9B5B9424623
:101CD8004B46504602F05EFA3546E9E74FF0FF38CA
:101CE8004FF0FF39D2E72B689B691BB100222846C9
:101CF800114698471035BD42F5D3E8E7054DFAE798
:101D080008000000440702204C070220BC00022003
:101D1800A07F0008907F000813B5184804F03DFD27
:101D2800174B1B7873B1EFF31184102383F31288D8
:101D3800BFF36F8FFFF722FF84F31188BFF36F8F14
:101D480002B010BD0F4B1B68002BF9D050B9002210
:101D580000230D48CDE9002342F21072002302F05F
:101D6800C5FFEDE70928EBD1074805F099FB0748BF
:101D780002B0BDE8104002F0D9B900BF4C070220FC
:101D8800310902204407022058050220BC00022025
:101D9800064B10B504461B6898472146A0600448C6
:101DA80004F021FCBDE81040FFF7B6BF0400022094
:101DB80080000220044A054B9B1AB1EBD30F34BFB5
:101DC80052F8310000207047307F0008907F0008EB
:101DD8002DE9F04F8FB0C1F34A280D46914604AF64
:101DE8000C0DB8607B60B8F1000F63D0002607F1D6
:101DF80014034FF0040B4FF00A0AC7F80C80324660
:101E08007E624846C7E90766019307F11C03CDF8CF
:101E180008B0CDF800A0F968FFF71AFBB0F5006F1D
:101E280003461CD36C468AB0D9F8041004AB264884
:101E38001A46C3E9050140F2FF71D9614FF40071F8
:101E48001984224B42F8103F4FF412513346204870
:101E5800FFF7BEFFA5462C37BD46BDE8F08FC0F39F
:101E68000A0804F117003B60184468F3532520F072
:101E780007008008FFF766FE044690B13B6800F152
:101E88001001144A4846F961C7E9083607F11403F6
:101E9800CDF808B0CDE900A307F11C03F968FFF7F6
:101EA800D7FA68F353257B68B96820462A4604F0B8
:101EB800BCFCD0E704F1170020F007008008FFF70A
:101EC80041FE0446EDE700BF3E880008040000011B
:101ED800407F0008056800082DE9F04F87B00446E8
:101EE800934698460391DDE91279DDE9105ABFB1AE
:101EF8003B46524610210020CDF80090CDF81490B2
:101F0800FFF7D4F8B0F5006F06460AD340F2FF7326
:101F1800174A0221174807B0BDE8F04F04F0DEBCAD
:101F28003E4604F0070405F117000BF0070BE40028
:101F3800304444EA8B1420F0070044EA4624800821
:101F480044EA0554FFF7FEFD054640B13FB13B4664
:101F5800524631461030CDF80090FFF7A7F84346B7
:101F680022460399284607B0BDE8F04F04F05DBC4F
:101F78007D880008407F0008406820B1034BC01AE4
:101F880040F3CF0070474FF0FF307047307F0008B4
:101F98000EB403B503AB0146054853F8042B01936F
:101FA80000F088FF02B05DF804EB03B0704700BF93
:101FB80047690008CA0605D48B064CBF0249034985
:101FC800FFF7E6BF704700BFB6880008B58800086D
:101FD8002DE9F04F89B09B4604460D46149B904668
:101FE8009DF84CA00693159B179E0593169B04938A
:101FF800BAF1000F00F09D8006F4807306F0020924
:10200800079304F0F0FB024600283ED09149204691
:10201800FFF7BEFF0746B9F1000F08D016F0440FCE
:1020280035D12A468C492046FFF7B2FF074406F00F
:10203800010353B1894B2046894953F82A20894B1B
:10204800002A08BF1A46FFF7A3FF06F48073002B87
:1020580049D006F00803002B63D1B8F1000F66D011
:10206800424681492046FFF793FF0546069B3D44BB
:10207800002B6DD1049B002B73D1F30700F1E48092
:1020880031462046FFF796FFD8E00746C3E7774B6F
:1020980018680028CAD0764B4FF47A794FF03C0C78
:1020A8001B68B5FBF3F5B5FBF0F100FB11554FF4D8
:1020B800616309FB05F5B1FBF3F2B5FBF0FE03FB29
:1020C800121100FB1E55B1FBFCF309FB05F50CFBD7
:1020D8001311B5FBF0F5009120466649CDE901E5FD
:1020E800FFF756FFA2E706F00803EBB1624B204664
:1020F800624953F82A20FFF74BFF0546B8F1000F55
:1021080005D0424658492046FFF742FF0544BBF137
:10211800000FABD05A465A492046FFF739FF05440D
:10212800A4E74FF0000BE1E706F00805E6E74546AF
:102138009CE7BBF1010F069B06D1002B64D1049BE1
:10214800002B7BD000250CE0002BF8D04D485CE03C
:102158004D48069B22464D4904F03DF8049B002B50
:1021680068D0DFF82C81DFF82C91049F4FF0000B2A
:1021780031462046102F28BF1027FFF71BFF5D456B
:1021880045DC059B4FF0010B494620461A78FFF7BE
:10219800FFFE1BF0070F03D141462046FFF7F8FE6C
:1021A8005F453BD9059B4946204613F80B20FFF7AE
:1021B800EFFE0BF1010BBBF1100FEAD14FF0000B52
:1021C80035492046FFF7E4FE5A46059B20469A5CAF
:1021D800A2F120015F29314928BF2E22FFF7D8FE3E
:1021E8000BF1010BBBF1100F1DD01BF0070F03D132
:1021F80041462046FFF7CCFE5F455A46E5D84146A2
:102208002046FFF7C5FEEBE71F485546A1E74146C4
:1022180020460BF1010BFFF7BBFEB0E72049204633
:10222800FFF7B6FEC5E7059B3B440593049BDB1B04
:1022380004939AD1BAF1000F7FF41FAF204609B07A
:10224800BDE8F04F04F06EBB064A20460449FFF78C
:102258009FFE15E7BD880008C18800088482000831
:10226800E6880008B8880008E988000858070220AE
:1022780054070220CA88000898820008ED880008E0
:10228800F38800087D69000847690008BD2E00082A
:1022980000890008F88800080289000804890008F5
:1022A800FE88000842F20F73114A8B4273B5044648
:1022B80028BF0B4605680521684602F055FD63688E
:1022C80006460B2228465B680A4904F01DFB636832
:1022D8003246694628465B6804F016FB63681B2291
:1022E80005495B68284604F00FFB02B070BD00BFCB
:1022F800308A000823890008078900080021012383
:10230800064A904206D8064A01B901231360054BD4
:1023180018607047400801215B00F2E740420F0057
:102328005407022058070220F8B50D4604464618FF
:10233800054FB44201D12846F8BD14F8011BBB680B
:1023480001485B689847F4E73C7B0008014B036051
:1023580001207047E082000806480021064A08B5B7
:10236800121A04F084FB0548054A0021121A04F0E9
:102378007EFB08BDD00002203809022000000020A2
:10238800000000200A480B4A0B49121A08B504F04D
:1023980070FB0A480A4A0B49121A04F06AFB0A48F9
:1023A8000A4A0B49121ABDE8084004F062BB00BF94
:1023B80000000220CC000220089100080000022042
:1023C8000000022008910008000000200000002002
:1023D800D49100082DE9F047064600AF0C460029C5
:1023E80036D0E9468AB0A3686D46D1E90012214883
:1023F8004FF0050AA846C5E90501C5E9072348F8CD
:1024080010AF002342464FF421511B48FFF7E0FC70
:10241800CD466369AD46D4E903121848C5F810A043
:10242800C5E90501C5E90723002342464FF42151B8
:102438001148FFF7CDFCCD46E369114A01210E484A
:1024480004F04CFAA3690F4A01210B4804F046FA3C
:10245800012E07D1EFF305830B4A103B314606489E
:1024680004F03CFA2146304601F0D8FCBD46BDE8F0
:10247800F08700BF85890008687F0008B4890008D4
:10248800E3890008F2890008208A000830BFFFF7B6
:10249800FDBF00BF2DE9F0410B4E0546DFF82C804B
:1024A800324606EB0807CC1B0949204605F014F80C
:1024B800A019083C4246002105F01CF807F1080065
:1024C8002C67BDE8F08100BF000000000400000098
:1024D800A07F0008054B5A699B689A4204D0044AB9
:1024E800536843F080535360704700BF04090220CB
:1024F80000ED00E070B5294C06460D4628482949EC
:1025080004F0C4FAA36AD9043CD52548264904F046
:10251800BDFA1720A36A1A0504D52148234904F0F7
:10252800B5FA18201D4CA36A9B0512D51C482049F2
:1025380004F0ACFAA36BA26A100409D51D4A012164
:10254800174804F0CBF91EB1A36A23F40043A36231
:102558001920124CA36A590504D51148164904F0EC
:1025680095FA1A20A36ADA050ED50D48134904F026
:102578008DFA1B20094A936A43F47F439362002330
:102588002B7070BD1620C5E7A36A9B04F2D50448DA
:102598000B4904F07BFA1C20ECE700BF00ED00E0DB
:1025A800687F0008338A0008498A00085A8A0008A8
:1025B8006D8A0008868A00089B8A0008B68A000887
:1025C800CE8A000810B5204C2049214804F05EFA54
:1025D800A36A990136D51E481E4904F057FA1E20F1
:1025E800A36ADA0104D51A481B4904F04FFA1F20E0
:1025F800154CA36A1B0304D51548184904F046FA7C
:102608002120A36A590304D51148154904F03EFA5C
:1026180022200D4CA36A9A0304D50D48114904F0F1
:1026280035FA2320A36ADB0304D509480E4904F0D0
:102638002DFA2420044A936A6FEA03436FEA13438E
:10264800936210BD1D20CBE700ED00E0FD8A000875
:10265800687F0008158B0008288B0008428B00084B
:10266800608B0008858B00089F8B00082DE9F843D4
:10267800364D8046894636483649174604F006FAEC
:10268800AB6ADE0627D511243349314804F0FEF938
:10269800AB6A1D0704D5122430492D4804F0F6F919
:1026A8002A4DAB6A980718D52D49294804F0EEF948
:1026B8006E6BAB6A190646D52A4A3346012124486F
:1026C80004F00CF9B9F1000F03D0AB6A23F08003D2
:1026D800AB62132403E01024DAE76FF015061B4DF4
:1026E800AB6ADA0704D514241F49194804F0CEF957
:1026F800AB6A9B0604D515241C49154804F0C6F995
:10270800124B9A6AD50602D49A6A90070AD55B6872
:10271800190507D54146304600F000FA10B180F39C
:1027280009880224094B9A6A920603D55A6A22F448
:1027380000525A629A6A204642F0FF029A620023C7
:102748003B70BDE8F8836FF01506C2E700ED00E0C6
:10275800687F0008CA8B0008E08B00085A8A0008C6
:10276800138C00082B8C0008418C0008CE8A0008C6
:102778002DE9F041664B8AB004460026D3F8048060
:1027880000AFC8F3080586F31188BFF36F8F02F016
:102798007F43B3F17F4F07D102F00C03082B12D10E
:1027A8005C495D4804F072F9002634460023FB7149
:1027B800EB1E092B00F28B80DFE803F00A81847D91
:1027C80089898989898710074CBF0C460126EDE75E
:1027D8005249514804F05AF94D4D0023FB71EB6AF8
:1027E8009A0705D54E494C4804F050F9002332E0C9
:1027F800EB6A002B01DA4B49F5E7EB6A5B00F5D58C
:102808004949454804F042F96B69A26943F4807369
:102818006B61BFF34F8FBFF36F8F6B6932F8022C78
:1028280023F480736B61BFF34F8FBFF36F8F4DF647
:1028380002739A4208D0AB6ADBB27BB3FA1D01215E
:102848002046FFF713FF38E02368384A0121324851
:1028580004F044F82368FA79E2B907F1080504F1AD
:10286800200C2068083454F8041C2A46644503C226
:102878001546F6D17A6A002E45D0C2F3080121B96F
:102888006FEA52226FEA42227A6207F1080118467B
:10289800FFF7A0FD2837BD46BDE8F081AB6A13F409
:1028A8007F4F04D0F91D0120FFF724FE05E0AB6A35
:1028B800B3F5803F9AD3FFF785FE0346CBE7FA1DB1
:1028C8000021BDE7F91D0020EEE719498BE718F450
:1028D800F87F184AE8468AB0174B18BF13466A466D
:1028E8001649103DC2E905134FF40073D5611384EE
:1028F800134B42F8103F00234FF411510648FFF7DD
:1029080067FAC54672E722F4FF7222F00102BBE7BC
:1029180000ED00E08E8C0008687F0008B98C000884
:10292800D08C0008F18C0008FF8C00081E8D000870
:102938003A8D0008758C0008608C00085E8D0008D0
:1029480004000001044B5A6942F010025A615A69A6
:1029580022F008025A61704700ED00E0EFF30880AA
:10296800EFF3098101B57246FFF702FF01BD00BF11
:102978000A4880F30888102080F3118808484FF42B
:102988000461401880F30988EFF31480022108439A
:1029980080F31488BFF36F8F00F08EF8401A02207E
:1029A800800C0220084B9B6883420BD1EFF3058310
:1029B80043B1064B5A6842F080525A605A6A22F470
:1029C80000425A6201F0AEBE0409022000ED00E0A8
:1029D80014498A684FF030001044EFF3098C80E8FE
:1029E800F01F102080F31288BFF36F8F0E4F4FF047
:1029F80000664A698A603E60106F0C4C2060506F18
:102A08000023536780F3118804B5104600F0EAF8F4
:102A1800BDE8044002F1300090E8F01F8CF309880B
:102A2800704700000409022004ED00E0800702203E
:102A38001EF0040F0CBFEFF30880EFF309808169E3
:102A480011F8021C0229FFD001B5724604F013F8F0
:102A580001BD00BF40B2002807DB0123410900F097
:102A68001F00024A834042F82130704700E100E02D
:102A780040B2013100284FEA0111C9B206DB00F16A
:102A8800604000F5614080F80013704700F00F00C7
:102A9800014B1954704700BF14ED00E0044B054A80
:102AA80023F07F039360BFF34F8FBFF36F8F70479F
:102AB8000000000800ED00E008B5FFF7EFFF0B4A43
:102AC800D2F8883023F47003C2F88830EFF3148307
:102AD80023F0040383F31488BFF36F8FFFF73CFCE4
:102AE800FFF750FC00F054F801F0BCFA00ED00E0EC
:102AF80042F8203C203A009B07495360019B21F093
:102B080001019360029B9161D3604FF08073D361A0
:102B1800002302654367704731180008094A0346D5
:102B2800906870B113F1160F006E05D0A0F1400245
:102B38009A4205D8834203D2814228BF00207047B9
:102B4800002070470409022015460C4A0E4608B5B5
:102B58000B4B9060026F1A6000F044F82C4686F325
:102B680009880020034B98472046002100220023B3
:102B7800014C2047AB6A00083118000804090220FC
:102B880080070220014B10221A61704700ED00E017
:102B9800002304481021C21801336E2B82F8001359
:102BA800F9D1704700E100E008B5EFF30583064A64
:102BB800103B02EBC30152F8330049688847BDE86F
:102BC8000840FFF787BC00BF5C7B0008024B01216F
:102BD800024A034800F08AB80000082000000220DA
:102BE800F0820008026E4021044B403A18461A60F1
:102BF800034AC3E90112012100F082B884070220C8
:102C080000000B1508B503461048D0F89020C2F311
:102C18000722013A934207D90D4801210D4A03F0D2
:102C28005DFE6FF0150008BDC0F898300A6822F004
:102C38001F021A4342F01002C0F89C208A6842F032
:102C48000102C0F8A0201846EDE700BF00ED00E043
:102C5800607F0008758D0008F0B50E4685B01F46E8
:102C680004460025B5420DDA606810B397B1431EDB
:102C780018420AD0104A2B460121104803F02EFEB4
:102C88006FF01502104605B0F0BD1F28F2D9216873
:102C98000B42EFD1236801A9019303F016FFA36843
:102CA8000343D0B20393FFF7ADFF10F1160FE7D03F
:102CB800421C01350C34D5E79B8D0008607F000865
:102CC800044B0522C3F89420BFF34F8FBFF36F8FD7
:102CD800704700BF00ED00E0BFF35F8F024B00229A
:102CE800C3F89420704700BF00ED00E010B5034C16
:102CF80001232278FFF7B0FF207010BD33090220AE
:102D08000B4A08B500231278FFF7A6FF10F1160F3B
:102D180007D0084A0021D2F89030C3F3072398421D
:102D280000DB08BDC2F898000130C2F8A010F2E735
:102D38003309022000ED00E0584859492DE9F043D5
:102D4800D0F8903085B00D68C3F307239D4200F298
:102D5800A180FFF7C1FF49680022954201F10C01EB
:102D68001AD1504C6846504F2570FFF7EFFA0025EE
:102D78000646DFF83881DFF83891AE421FD1237854
:102D880000204649D1F89020C2F3072293427BDB0A
:102D98000020FFF795FF4CE0C0F8982051F80C3C54
:102DA80023F01F031343013243F01003C0F89C3093
:102DB80051F8043C43F00103C0F8A030CDE7009877
:102DC8004FEA051C00EB0511CB683B40B3F5000F3B
:102DD80044D00AD8B3F5001F2ED0B3F5800F34D0F5
:102DE800B3F5801F10D00135C7E7B3F1807F3ED01F
:102DF800B3F1007FF7D150F80C30886803F065FE16
:102E08004A6840F4802009E050F80C30886803F0E4
:102E18005CFE40F088504A6840F43020039001A9D5
:102E28002078CDE90123FFF7EDFE002828DA6FF0BE
:102E3800150005B0BDE8F08350F80C30886803F041
:102E480044FE4A6840EA0800E8E750F80C30886811
:102E580003F03BFE4A6840EA0900DFE750F80C300F
:102E6800886803F032FE4A6840F08270D6E750F86E
:102E78000C30886803F029FE4A6840F08870CDE776
:102E8800237801332370AEE7C1F898300133C1F8D5
:102E9800A00077E74FF0FF30CBE700BF00ED00E080
:102EA800FC820008330902200000F0FF000008112E
:102EB80000000206F0B587B007460E46144600210A
:102EC800102268461D4604F015FB02232A462146B7
:102ED8008DF802306846044BCDE90476019302F080
:102EE80009F807B0F0BD00BFF36A000808B5024B47
:102EF8001B689847002008BD90070220034B044A2E
:102F08001860937843F0020393707047900702208B
:102F1800100002200649074821F00701C1F10052BC
:102F280008B502F5002203F0FEF8002008BD00BF36
:102F3800871A022094070220044B18440023013307
:102F480000F8012B9942FADC704700BF50000220BC
:102F58002DE9F041054600260F4F4FF00108F4B265
:102F68006B78A34201D8BDE8F0812B781C44204639
:102F780000F0C8F868B1204600F0E0F857F834309F
:102F88003BB107EBC40204F01F04516808FA04F0CF
:102F980098470136E3E700BFA0070220034660B167
:102FA800B0FA80F2C2F11F02D2B205498856054A2A
:102FB80011680B431360FFF74DBDFF22F5E700BF13
:102FC80050000220003C0140024A136823EA000333
:102FD80013607047003C0140032921D8DFE801F065
:102FE800020C10190F4B9A6822EA00029A60DA68FC
:102FF80022EA0002DA6070470A4B9A680243F5E752
:10300800084BDA680243DA609A6822EA00029A609A
:103018007047044B9A6802439A60DA681043D86094
:10302800704700BF003C014030B5B0B1B0FA80F342
:10303800C3F11F03DBB20B4850F833408C4204D174
:1030480000EBC3056D68954205D044B940F83310CC
:1030580000EBC3004260002030BDFF23EBE76FF0B8
:103068000F00F9E7A007022060B1B0FA80F3C3F1BE
:103078001F03DBB2044A002142F8331002EBC302FB
:1030880051607047FF23F5E7A007022000F0030214
:103098000F23043292009340074A43EA9000C3B2D8
:1030A800023352F82320030C93FAA3F302EA1040E8
:1030B800B3FA83F3D84070470038014013B50E4C7B
:1030C800204604F09EF840B90C4801210C4A03F050
:1030D800FCFB6FF0120002B010BD4FF48043442295
:1030E800CDE90023A3681B681BB1694620469847B1
:1030F800F1E76FF05700EEE75C790008387F0008C9
:10310800DB8D000800F01F0201211F2801FA02F2DE
:1031180008B5034605D90648064A03F0DFFB002038
:1031280008BD054B5B699A430CBF01200020F7E7F7
:10313800387F0008FA8D0008003C014000F01F02AB
:1031480001211F2801FA02F208B5034606D90548ED
:10315800054A03F0C3FB6FF0150008BD034B0020C0
:103168005A61FAE7387F0008FA8D0008003C0140F0
:1031780038B5274B14460D4618680B888208C3F3E8
:103188000B030B2B16D8E3B1013B0A2B19D8DFE848
:1031980003F0080F060F33232A18213508004FF4CF
:1031A800FA4020602B68B3F5805F29D2002038BD33
:1031B8000020F6E7382BF4D006D823F00403302B90
:1031C800EFD06FF08500F2E7442B0AD0A82BE8D0A7
:1031D800402BF6D11046E4E700F0B6F8D823800873
:1031E80058434008DDE700F0AFF8D823800858437B
:1031F8000923B0FBF3F0D4E70648D2E75000D0E744
:10320800C3F313330133B0FBF3F02060CEE700BF04
:103218004000022000127A0070B5474D00F0C8F84F
:10322800464C284603F063FD00F04AFDA368444A73
:10323800C3F30313D35C20FA03F613781D41AE429F
:1032480002D2284600F06AFD236843F480232360F5
:10325800236843F480332360384B1A689103FCD504
:103268005A6F42F001025A675A6F9207FCD59A6862
:1032780002F00C02082A17D11A68940707D41A68B2
:1032880042F001021A602D4A13689807FCD52B4BAF
:103298009A6822F003029A609A6812F00C0FFBD128
:1032A8009A6822F0F0029A60244C236823F0807315
:1032B800236023689901FCD4636823F44033636076
:1032C800636823F0706343F01063636000F040F8B4
:1032D800236843F080732360184B1A689201FCD569
:1032E8009A6822F0F0029A609A6822F0030242F08B
:1032F80002029A609A6802F00C02082AFAD1AE42D9
:1033080002D3284600F00AFD0E4B00200A4A1A6034
:103318000A4B9A6822F4E05242F4A0529A609A68E2
:1033280022F4604242F400429A60D3F88C2022F0E2
:103338008072C3F88C2070BD00E6DF0C00380240B4
:10334800DE8F0008400002200048704700127A0013
:10335800114B12495A681140114A0A4311495A60DF
:103368005A681140104A0A435A601A6842F080723B
:103378001A60A3F5E4331A6842F480321A605A6876
:10338800D203FCD51A6842F400321A60074A53681F
:103398009B03FCD5704700BF003802400080BCFF8B
:1033A800043640000080BFF0043640090070004039
:1033B800064B82B01A6C42F080521A641B6C03F000
:1033C80080530193019B02B0704700BF0038024050
:1033D80008B5074803F015FF38B10648FFF78EFD1A
:1033E8000448FEF71BFA002008BD6FF01200FBE747
:1033F8003C7B0008013400080A2838B50446074D0C
:1034080004D1AB680D2128465B689847AB68E1B2E8
:1034180002485B689847204638BD00BF3C7B0008DF
:103428002DE9F843D0F804801746D0F810900D46DF
:10343800D8F808001E4603F0ACFBB7F5001F044699
:1034480016D1D8F808402846FFF720FE84420CD150
:10345800294603F09EFB0446FFF7B6FD2046FFF71A
:1034680003FE00212046FFF7B7FD0020BDE8F883E2
:10347800B7F5800F20D0B6F1806F19D0B6F1C06FC4
:1034880018D0B6F1007F1AD102264A460F492046C5
:10349800FFF7CAFDB0B9D8F80810284603F07EFB3C
:1034A80020463146FFF798FD2046FFF777FDDCE719
:1034B8000126EAE70326E8E76FF08500D6E76FF014
:1034C8001500D3E76FF00F00D0E700BF796F000851
:1034D80038B50369044658600A4D284603F091FE42
:1034E80060B1AB6861681B680C3123B12846984706
:1034F80000EAE07038BD6FF05700F9E76FF012008E
:10350800F8E700BF5C7900082DE9F047044600EBB6
:10351800C10600251C4FB44201D1002014E02068E8
:10352800C30600F01F0911D4656845F02005C0F3F3
:10353800481AC0F34420192823D857F82080B8F136
:10354800000F0DD16FF01200BDE8F087B9F1100F30
:1035580004D0B9F1110FEAD16568E8E73025E6E74C
:10356800404603F04EFE0028ECD04B462A460AF0AF
:103578000F01404603F012FD002804F10804CADADE
:10358800E2E76FF01500DFE7F88300082DE9F04166
:1035980082B080460D46436800AF02691E68002964
:1035A80036D01068D9688368DB686BB13A1D9847D4
:1035B800041E0CDA1A4A01211A4803F086F920463B
:1035C8000837BD46BDE8F0816FF05704F2E733686D
:1035D80023F4004333607B6803EB5503B3FBF5F337
:1035E8000F2B18D86C468AB0D8F800306A460E49B6
:1035F800D561C2E905134FF4007313840B4B42F8ED
:10360800103F00234FF411510648FEF7E1FBA54691
:103618006FF01504D3E79BB20024F360CFE700BF37
:10362800F28E0008887F0008208F0008040000013F
:10363800F8B50C46036941685D682379012B15D0FC
:103648009F1E7E427E41B6026279022A96BF464F8D
:103658004FF4005737F81270A279022A09D0042AC9
:1036680030D0003B18BF01231B0306E04FF4C066AF
:10367800EAE7B3FA83F35B091B07E2790968012AD1
:1036880014BF4FF0000C4FF4407CA5421DD10A68CE
:1036980022F0805222F4B05232431A430A604B6837
:1036A80023F440533B434B6043681A68936823F400
:1036B800407343EA0C0393602968FFF767FF00EA49
:1036C800E070F8BD4FF48053D7E7D1F800E00EF46E
:1036D800C06E764506D0D1F800E02EF4C06E4EEAF2
:1036E80006060E6041680E68716801F440518F4209
:1036F80004D0716821F440513943716041680E6803
:10370800316801F010218B4204D0316821F010217A
:103718000B433360436819688B6803F440739C4516
:1037280005D08B6823F4407343EA0C038B6043682D
:103738001B689968490405D5032A09D09A6822F4B8
:10374800804204E0032A03D19A6842F480429A60D6
:1037580021682B68994205D0FFF718FF0028B0DBD5
:1037680023682B600020ACE7D48500082DE9F041E0
:1037780082B006464568046900AF6948206003F0D6
:1037880040FD38B9674A012167486FF0120403F019
:103798009CF80BE02068E96883681B685BB96FF0E8
:1037A8005704624A0121604803F08FF82046083721
:1037B800BD46BDE8F08198470446E8B93A1D0021A6
:1037C800286A03F003FC041EF0DB7B6800221979E9
:1037D8001868FFF799FE041EE8DB756833692C68E2
:1037E800D3F80480236823F001032360686803F09A
:1037F80008FD48B94E4AC6E74C4A01214A4803F039
:1038080064F8002CD2DBD9E7D5E901018368DB68CD
:1038180003B1984754E8003F43F00C0344E80032F2
:10382800002AF7D141463046FFF702FF002802DAA6
:103838006FF01504BAE72B7D1BB1A36843F00803AA
:10384800A3606B7D1BB1636843F400436360AB7D89
:103858001BB1636843F480336360EB7D1BB163681D
:1038680043F4003363602B7E002B4DD0314B9C42D8
:1038780030D0A3F54C439C422CD003F580639C4286
:1038880028D003F580639C4224D003F580639C42D2
:1038980020D003F544439C421CD0A3F51C439C4212
:1038A80018D003F580639C4214D06C4688B0336806
:1038B8006A462149C2E905134FF4007393831F4BED
:1038C80042F8103F00234FF4E2511748FEF780FA00
:1038D800A546ADE773681A68936843F4804393601C
:1038E80023686A7E23F0787343EA4253236023688F
:1038F800AA7E23F4F81343EA02432360EB7E1BB14C
:10390800A36843F40043A360236843F001032360E2
:10391800E3699A02FCD5E3695B02FCD5002445E71C
:103928005C790008378F0008887F0008568F0008E8
:10393800768F000800100140918F000803000001F5
:10394800F8B5436802460E4691F805E01C6803691D
:1039580008795D6801288B7913D1BEF1020F69D906
:10396800022B1F464FF4C0614FF4005C7AD0042B41
:1039780073D000287BD0C31E012B70D86FF0850050
:10398800F8BD02280AD1BEF1020F5FD9022B1F46EB
:103998004FF480610BD04FF4005CE8E7BEF1020FF2
:1039A80057D9022B1F4656D100286BD00021C31EC1
:1039B800012BE3D90020022703237345DED103F04E
:1039C80051FBB842DAD1F37903B3012B62D1334BFF
:1039D8009C421BD0A3F54C439C4217D003F580634F
:1039E8009C4213D003F580639C420FD003F580639B
:1039F8009C420BD003F544439C4207D0A3F51C43DB
:103A08009C4203D003F580639C42B7D123683146BA
:103A1800104623F001032360FFF70AFE0028ADDB00
:103A2800236843F00103236096E8030085E8030058
:103A38000020A5E74FF4C061194F022B37F81EC0CC
:103A48001F4694D170B94FF0805010E04FF4806158
:103A5800F2E70021F0E700219DE700288ED14FF41E
:103A6800805004E0C31E012B88D902270020BCF532
:103A7800805F0BD0BCF5405F0AD0BCF1000F9BD132
:103A880001239AE701464FF0805095E7002394E719
:103A9800022392E7032B9AD070E700BF0010014081
:103AA800D48500084FF0E0230F4910B59C691A69C6
:103AB80008689B6902F480320C4934B993B903460B
:103AC8004AB90A681044C01A10BD002B08BF034643
:103AD8000AB9A342F5D90A6802440A604FF0E02205
:103AE8001269EEE70446F3E700090220FC08022009
:103AF8000A4B1022002083F8232045F26042084B2D
:103B08001A6045F25F42074B18604FF0E0235A6194
:103B180098611A6942F007021A61704700ED00E0E7
:103B280000090220FC080220684620F007018D46A3
:103B380019B5FFF7B7FF1149114B0868D3E90042DF
:103B4800001942F10002C3E900020E4A00230B608B
:103B580045F26043D2E90041001BB0FBF3F0434358
:103B68001B1941F10001C2E9003100F0BFFFFEF767
:103B7800B1FCBDE819408546704700BFFC0802202B
:103B880098050220900502202DE9F041DFF8E08039
:103B980099B1421C0BD14FF0E022136923F00103C5
:103BA80013614FF07F43C8F80030BDE8F081D8F8C2
:103BB8000060012807DC00270BE0431CD8F80060F0
:103BC800F7D140F20730B0F5427FA8BF4FF44270FA
:103BD800471EEFF31185102383F31288BFF36F8F0D
:103BE800FFF760FF234C4FF0E0239969D4E90023E5
:103BF80080184FF0000243F10003C4E900031E4B94
:103C08001A601E4B1A68831A2ED445F2604C0CFBBE
:103C1800073303F5A8435F33B3FBFCF7131A40F2ED
:103C280046520CFB0733934238BF1346144A93425B
:103C380028BF1346C8F800304FF0E022013B9069D6
:103C48005361002381429361A1EB0003D4E9001280
:103C580038BF9B195B1842F10002C4E9003285F3B2
:103C68001188BFF36F8FA0E740F24653E2E700BF29
:103C78000009022098050220FC0802209005022075
:103C8800A06EFF0038B5EFF31185102383F3128877
:103C9800BFF36F8F084B1C68084B1B68E41AFFF7CB
:103CA80001FF85F31188BFF36F8F45F2604320440D
:103CB800B0FBF3F038BD00BF980502209005022044
:103CC800134908B58B6803F00C03042B1BD0082B91
:103CD8001BD14A684B68496802F03F0213F480031D
:103CE800C1F388111ABF0B4800230B48A1FB000140
:103CF800FCF734FF064B5B68C3F3014301335B00F9
:103D0800B0FBF3F008BD0348FCE70348FAE700BF3F
:103D18000038024000127A000024F40000285DD028
:103D28002F4B1A681B6802F44042B2F5404F33D15A
:103D380013F4803310D102F10F6202F58C529042D5
:103D480048D8284A904247D8274A904235D8274A27
:103D5800904209D902230DE0254B984238D8234BCD
:103D680098424FF0060305D8224A904202D9012B07
:103D780038BF012320490A6822F00F021A430A605B
:103D88000A6802F00F02934202D00A6802F00F029A
:103D9800981A18BF0120704703F44043B3F5004F49
:103DA80005D103F10F6303F5A343984212D80D4BD5
:103DB800984211D80C4B984201D90323DAE70B4BF0
:103DC8009842C7D80B4B984294BF00230123D1E7F0
:103DD8000723CFE70523CDE70423CBE7012070476E
:103DE80000700040000E2707804A5D050087930396
:103DF8008058840C80C3C901003C024010B50446B9
:103E0800FDF716FF03480121034A02F05EFD204634
:103E180003F002FA687F0008EE8F00082DE9F843E6
:103E2800044600AF0D46EFF31188102383F3128880
:103E3800BFF36F8F0428294AE9468AB098BF284BF8
:103E48009668117C6A4694BF53F82030254BC2E926
:103E5800073140F2013324489384244BC2E9050416
:103E680042F8103F00234FF431512148FDF7B0FFCD
:103E7800CD4645B1EB69C3F3080323B11D4A0121BF
:103E88001B4802F022FD2EB1304603F0EDF908B1CF
:103E9800037803B91848E9468AB06A46174BD061D7
:103EA800C2E9053640F201331384154B42F8103F3E
:103EB80000234FF411510E48FDF78AFF294620468A
:103EC800CD46FFF79BFF88F31188BFF36F8F30460D
:103ED800FEF768FDBD46BDE8F88300BF040902206F
:103EE800FC840008FD8F00081390000805000001FD
:103EF800687F00083B9000080B9000085C90000861
:103F08000400000138B50A4B53F82040013053F83B
:103F18002050A54200D838BD606830B1037FDB0768
:103F280001D403F056F90834F3E723689847FAE711
:103F3800108500082A4B0122032070B5294C86B051
:103F4800294D1A70FFF7DEFF00F008FF0420FFF785
:103F5800D9FF26463034AE4210D3224C00F0E8FA9E
:103F6800224EAC4226D300F0F7FAFCF769FF204A4C
:103F7800137B23F00103137306B070BD54F80C3C97
:103F8800059354F8103C049354F8143C039354F8E4
:103F9800183C029354F81C3C019354F8203C0093BD
:103FA80054E90A2354E90C0100F01AF954F8303C9A
:103FB8005E65CEE7D4E90A23B3F1FF3F08BFB2F14B
:103FC800FF3F05D052EA0301206803D100F080FBCF
:103FD8003034C6E73146183000F0F8FCF8E700BF87
:103FE80034090220CC7E0008CC7E000863730008E8
:103FF8002006022070B5002386B00122144E0193DA
:104008000446144D06EBC0161349CDE904230F22CC
:10401800CDE9023214234FF4A07203FB00554FF48C
:10402800C0700E4B00FB04113046009500F0D8F824
:10403800737B0B4A23F00403EE602C7473734FF404
:10404800046304FB033313446B6006B070BD00BF08
:10405800A005022004090220C014022031720008C1
:10406800800C0220BFB50020FFF74CFF274B83F3DD
:104078000888274D0024F023264F85F82230EC7756
:104088002C766C76AC7685F820406B6A43F4E02396
:104098006B62FEF757FCFEF775FD4FF0FF33AB621E
:1040A800EB62FEF749FE1C4DFEF790FDFDF722FD81
:1040B8001A4800F00FF9FDF7DBFB0120FFF722FF9C
:1040C8000220FFF71FFF00F07BFA154B15494FF44C
:1040D80080625D612846144B009405930123CDE965
:1040E8000144CDE903433B4600F07AF86A7B064673
:1040F800284622F004026A7303F0F2F82046FFF71C
:1041080079FF3A4631462846FEF71EFDC0140220C4
:1041180000ED00E03D3F000820060220A006022036
:1041280004090220401602202488000870B5EFF325
:104138001186102383F31288BFF36F8F0468A0429F
:104148001AD0CCB1002504F11800D4E9003213606C
:104158005A60637BA56023F00203C4E900556373CA
:1041680003F064F92046A56703F0BAF83146084819
:10417800BDE8704000F0B6B9D0E902329A4218BFE3
:104188000133836086F31188BFF36F8F70BD00BF62
:104198003509022013B5EFF31181102484F3128836
:1041A800BFF36F8F846844B1013C846081F3118848
:1041B800BFF36F8F002002B010BD52EA030406D18E
:1041C80081F31188BFF36F8F6FF00F00F3E7CDE92C
:1041D80000230246014800F063F9ECE735090220A4
:1041E80007322DE9F04322F0070285B00E461F463C
:1041F800109900F158037F3204460173042122F01C
:104208003F0206F1400941733F2AA2F14008C0E984
:1042180016334FF0000383600F98E373A073C4E96B
:10422800063305D883F31188BFF36F8F084602DF82
:10423800B51820462946FEF72DF907300E9B314662
:1042480020F00700C4E91898A0662D1A02932046AA
:104258000D9B2A4601930C9B00933B46FEF748FCB6
:1042680000236365044B9B6803B1DB6E2846E36655
:1042780005B0BDE8F08300BF04090220F0B50025B1
:1042880087B004460595109D04950F9D03950E9DD6
:1042980002950D9D01950C9DDDE912760095FFF7BD
:1042A8009FFFB6F1FF3F08BFB7F1FF3F05D056EAC1
:1042B800070305D1204600F00BFA204607B0F0BDF1
:1042C8003A46334604F11800014900F07FFBF4E751
:1042D8006373000840F2011383810023C0E9183397
:1042E800C366014B9860704704090220094A6FF0C1
:1042F8000A0193689967084958674B6843F08053E7
:104308004B60002383F31188BFF36F8F9368986F16
:10431800704700BF0409022000ED00E070B590F975
:104328000D20437B002A36DBD90634D11B4C63F0C1
:104338007F0322464373E16952F8183F934207D13D
:10434800C0E900210860E06111E09942F8D01B68DB
:10435800002BF5D090F90E5093F90E60B542F4D0C9
:10436800AE42F2DD5968C0E9003108605860A569BD
:10437800954200D005B9E568A3685A7BD20604D1F6
:10438800DA897F2A01D9AA6932B1AB4202D028461C
:1043980000F096FA656170BD6361FCE704090220CC
:1043A80038B590F90D200146437B002A04DA03F062
:1043B8007F03437302F05AFF0D4D2A46AB6852F84B
:1043C800184F944200D004B9EC688B4207D05A7B4E
:1043D800D20604D1DA897F2A01D9A2692AB1A34277
:1043E80002D0204600F06CFA23466B6138BD00BF4E
:1043F80004090220B3F1FF3F08BFB2F1FF3F03D029
:104408000249183000F0E2BA704700BF6373000831
:1044180070B590F90D200146437B002A04DA03F0B9
:104428007F03437302F022FF4B7B1C4C63F07F0336
:1044380022464B7352F8183FE069934207D1C1E90D
:1044480000200160E16111E09842F8D01B68002B60
:10445800F5D091F90E5093F90E60B542F4D0AE4202
:10446800F2DD5868C1E9003001605960A569A368A8
:10447800954200D005B9E5688B4207D05A7BD20631
:1044880004D1DA897F2A01D9AA692AB1AB4202D0BC
:10449800284600F015FA2B46636170BD0409022016
:1044A800F8B50E4B0C4611460D4A9868DDE90667CB
:1044B8001060EFF31182102282F31288BFF36F8F1E
:1044C8009D68284602F0E4FE284632463B46FFF740
:1044D80091FF2046BDE8F840FFF708BF0409022015
:1044E8002409022049B9EFF3058030B9054B5A6910
:1044F8009B689A4201D0FFF7F9BE81F31188BFF398
:104508006F8F704704090220034648B9EFF305820C
:1045180032B9064A51699268914201D0FFF7E6BE66
:1045280083F31188BFF36F8F704700BF040902201F
:10453800EFF31181102383F31288BFF36F8F054BBC
:104548009A68D37B013BD37381F31188BFF36F8FD4
:10455800704700BF0409022070B5EFF311861023DD
:1045680083F31288BFF36F8F144DAB68DA7B013287
:10457800DA732A4652F8184F944200D004B9EC680E
:104588005A7BD20604D1DA897F2A01D9A2692AB1D5
:10459800A34202D0204600F093F923466B6186F3CC
:1045A8001188BFF36F8FEFF31180102383F3128804
:1045B800BFF36F8FBDE87040FFF7A6BF0409022064
:1045C800024B03F11802C3E90622704704090220CE
:1045D80070B5EFF31186102383F31288BFF36F8F42
:1045E8001B4CA168E0690B68814214BF1A4600227F
:1045F80049680B605960A368E1692AB9154AC3E99B
:1046080000210B60E3610CE093F90E0092F90E5063
:10461800A84218D0854216DD5168C3E900210B6015
:104628005360A5690B4B9D4200D005B9E568A368A6
:104638009D4202D0284600F043F930466561BDE846
:104648007040FFF753BE8A42D8D01268D5E700BF42
:10465800040902201C090220F8B550EA01030646A5
:104668000C4603D1FFF7B4FF0020F8BDEFF3118724
:10467800102383F31288BFF36F8F124D124BA86873
:104688001860FFF78DFEA868234632460F49183098
:1046980000F09CF9AA6804463846537B43F00403AB
:1046A8005373FFF723FEAB68D3E90A23B3F1004F36
:1046B80008BF002AD8D102F0E1FE201A20EAE070F3
:1046C800D3E700BF0409022024090220637300080D
:1046D80038B50446EFF31185102383F31288BFF32E
:1046E8006F8F437B5B070FD5183002F09FFE637B0B
:1046F800204623F004036373FFF710FE294605489C
:10470800BDE83840FFF7EEBE85F31188BFF36F8F21
:1047180038BD00BF35090220014B9868704700BFBB
:10472800040902202DE9F8430446077BEFF31185BD
:10473800102383F31288BFF36F8F437B190705D5C6
:1047480085F31188BFF36F8FBDE8F883D90943F06B
:1047580008025DD14273A36813B1204602F08EFDB2
:1047680004F1180004F1580802F060FEA66DB04587
:1047780011D04FF0000976B1304602F07FFD06F106
:10478800180002F053FE3046C6F87890FFF7C6FDD1
:10479800A66DB045EFD1DFF8C080D8F808309C424C
:1047A8003ED1EFF30589B9F1000918BF4FF00109AF
:1047B800D8F81860294A964200D00EB9D8F80C608B
:1047C800B34202D0304600F07BF82046C8F81460A7
:1047D80002F064F9B9F1000F02D02148FFF77AFD21
:1047E800D8F808309C4231D1EFF3058373BB227BA4
:1047F800D20718D42846FFF779FDFB07A4D5002374
:1048080083F31188BFF36F8F0423184602DF9BE7F9
:1048180003F07F0343F00803437302F027FD9AE790
:104828004FF00009C4E785F31188BFF36F8F83F356
:104838001188BFF36F8F0423184602DFEFF311804E
:10484800102383F31288BFF36F8FD4E785F31188A1
:10485800BFF36F8FD1E700BF040902201C090220B3
:10486800A0060220044B0122C01A044BC010584372
:10487800034B1A54704700BF20070220ABAAAAAA0C
:1048880035090220C3897F2B12D80A4B1B6863B1F4
:10489800094B90F90E201B689A4209DB437BDB0623
:1048A80006D1064BC31A18BF012303F00100704755
:1048B8000023FAE74400022028090220A00502206C
:1048C8000E4B70B51E7C05460D4C06EB460304EBFB
:1048D800C304204602F0AAFD0A4B002228469A5536
:1048E800FFF7D0FF48B1084B204608491A68013A3B
:1048F800BDE87040D31700F069B870BD0409022004
:104908002007022035090220440002206D480008D3
:1049180038B5EFF31185102383F31288BFF36F8F37
:10492800104B114A9C681068A04206D1FFF7C8FFD7
:1049380085F31188BFF36F8F38BD00211B7C116090
:104948000A4AD35C002BF3D02046FFF79BFF0028D0
:10495800EED0637BDB0602D12046FFF759FD2046E7
:10496800E4E700BF040902202409022035090220D7
:10497800024B1868984208BF002070474800022080
:10498800034B1B680BB9FFF77DB90020704700BFC8
:104998002C09022030B570B10B4B5B6898420AD0E5
:1049A800036843B1D3E90421D0E90445121941EB66
:1049B8000501C3E90421D0E9003213605A600023DD
:1049C800C0E9003330BD00BF48000220B3F1FF3F0B
:1049D80008BFB2F1FF3F2DE9F84F04469946154646
:1049E8001F467AD08160EFF31188102383F3128871
:1049F800BFF36F8FB9F1000FDFF8E4A020DBFFF7FA
:104A0800BFFF0135064649F100092D18DAE90027EC
:104A180049EBE0734FF00109C4E90453AD1843EBC7
:104A28000707FFF7A5FFDFF8BCE00346DEF804A0A0
:104A3800EBB9C4E900EACAF80040CEF8044028E01F
:104A4800DAE900126FF001035B1A4FF0FF3161EBF6
:104A580002025B1B62EB0902012B4FF0000972F1A5
:104A68000001BCBF01230022C0E90432D9E7D3E921
:104A7800041CD4E904208A4270EB0C0B24DA891A4E
:104A88005A686CEB0000C3E90410C4E900321460F2
:104A98005C60FFF76DFF84420ED1134B1B685BB956
:104AA800B9F1000F02D1FFF76BFF0646304602F05E
:104AB800A6FC0021FFF768F888F31188BFF36F8F11
:104AC80028463946BDE8F88F521A60EB0C009A4523
:104AD800C4E90420ADD01B68AAE700252F46EFE7FC
:104AE80038070220480002202C0902202DE9F0474F
:104AF800EFF31185102383F31288BFF36F8FDFF86C
:104B0800A4900026DFF8A0800027C9F80000FFF76E
:104B18002FFFD9F80030D8E900ECD91750B1D0E907
:104B28000442A34271EB020A1CDAE41A62EB0102A6
:104B3800C0E9044213EB0E034FF000044CEB0101F3
:104B48002046C9F80040C8E9003102F058FC214667
:104B5800FFF71AF885F31188BFF36F8FBDE8F047A8
:104B6800FFF7D6BE14EB0E024CEBE473C0E9046702
:104B7800C8E90023FFF70EFF85F31188BFF36F8F95
:104B880083689847EFF31185102383F31288BFF3E6
:104B98006F8FD9F800301B1BC9F80030FFF7E8FE0B
:104BA800B7E700BF2C0902203807022010B5EFF341
:104BB8001184102383F31288BFF36F8FFFF7E0FE91
:104BC800054A0346D2E90001181841EBE37184F362
:104BD8001188BFF36F8F10BD38070220F8B505465E
:104BE800EFF31187102383F31288BFF36F8F0368E5
:104BF80023B187F31188BFF36F8FF8BDD0E90A4658
:104C0800611C46F10002022972F1000236D3012C20
:104C180076F10002BCBF01241E46013C46F1FF3676
:104C280002F030FC013041F10001001946EB0101AE
:104C3800012871F1000130DB02F024FC01306FF033
:104C4800020341F10001001946EB010183426FF0B4
:104C580000438B4126DB02F015FC01306FF00102A6
:104C680041F10001001946EB0103121A4FF0FF3120
:104C780061EB03031C492846FFF7A8FE2B6B0133A1
:104C88002B632B6A93B93C462B4653F8185F9D4219
:104C980000D0D5B984F31188ADE76FF001024FF069
:104CA800FF33E7E700224FF00043E3E787F311887B
:104CB800BFF36F8F2B6A28469847EFF311841023B0
:104CC80083F31288BFF36F8FDEE7284602F017FBE5
:104CD8000023AB6784F31188BFF36F8F2846BDE8C4
:104CE800F84002F0FDBA00BFE54B00082DE9F0419D
:104CF80005461C4690461F46EFF31186102383F3A2
:104D08001288BFF36F8FB4F1FF3F08BFB2F1FF3FC6
:104D180005D186F31188BFF36F8FBDE8F081002CB1
:104D280009DB012A74F10003BCBF0122002412F13F
:104D3800FF3844F1FF37284602F078FB002342464B
:104D48002B633B46DDE90601C5E90A01284602490D
:104D5800FFF73CFEDDE700BFE54B0008014801F026
:104D680092BA00BFC19000080CB430B58BB00446AD
:104D78000D462022002102A802F0BCFB02238DF878
:104D88000A30002D0C4B0393069412DB01D06B1EE6
:104D98001C440FAA0E99079402A8019200F0AAF8E1
:104DA80015B1069B00221A700BB0BDE8304002B066
:104DB80070470024EDE700BF877800082DE9F0412F
:104DC80001260746B24201DCBDE8F0813B461F469A
:104DD80013F8014B002CF7D0252CF8D11C78252C82
:104DE80007F10207F2D00023DFF804819C461D4634
:104DF8001F2D18D8A4F1200EBEF1100F09D9A4F167
:104E0800300EBEF1090F1ED80A2404FB03E3202547
:104E180004E028FA0EFE1EF0010F06D017F8014B29
:104E2800002CE5D128E07F2D1CD8A4F1300EBEF16E
:104E3800090FE9D9242C10D1BCF1000F46D0B34298
:104E480046D00023EAE724F0040EBEF12A0FF8D07A
:104E58006C2C09D145F08005E0E724F0040EBEF182
:104E68002A0FEED06C2C22D06C2C1BD8682C23D0A7
:104E78006A2C28D04C2C26D0BCF1000FA4D0B44505
:104E8800A0D144F02007A7F1650CBCF1020F0B6814
:104E980001D9612F1ED1073323F0070308330B60B4
:104EA80001368EE7742CB9D07A2CB7D0E4E72C06FB
:104EB80048BF45F40075CDE7EC0548BF45F40075DB
:104EC80045F48075AAE745F42075A7E79C46B8E73E
:104ED8006324D6E7692C02D007D8632C03D02F06A9
:104EE80001D5AC05D7D40433D9E7732CF6E700BF56
:104EF800892801002DE9F04F95B043680393837822
:104F080080469807CDE9081217D50D920B46002563
:104F18001F78A7B1252F16D001330793039B41466D
:104F280038469847002805F1010580F2398498F839
:104F3800023043F0040388F802304FF0FF3528466A
:104F480015B0BDE8F08F5F789A1C252F0792E5D041
:104F580000242646A246A346BBF11F0F32D8A7F16C
:104F68002003102B0AD8DFE803F02409092A0909CD
:104F7800091B09090922092709091900A7F13003A2
:104F8800092B2DD92A2F39D154B90D9B1BF0400F6D
:104F980053F8042B0D9329D0164601E04BF0010B72
:104FA800079B13F8017B0793002FD5D15BE04BF0EB
:104FB800020B4BF0040BF3E74BF0080BF0E74BF058
:104FC800100BEDE7BBF17F0F3FD8A7F13003092B9A
:104FD800D8D81BF0400F03D00A2202FB0636DFE7C1
:104FE8000A2202FB0A3A4BF0200BD9E7B2F1000A79
:104FF800F9DACAF1000A4BF0280BD1E72E2F05D1B8
:105008001BF0400F9BD14BF0400BC9E7242F1CD15C
:10501800002C00F04281099B0D931BF0400F0AD130
:10502800524608980DA9FFF7C9FE0D9B1A1DD3F823
:1050380000A00D92B4E7324608980DA9FFF7BEFE0E
:105048000D9B1A1D1E680D92AAE76C2F00F01281A5
:1050580000F20981682F00F015816A2F00F01A818B
:105068004C2F00F0178134B1099B08980D93224604
:105078000DA9FFF7A3FE002E47F02009B8BF2BF0BB
:10508800400BA9F16503BCBF1FFA8BFB0026022B5E
:1050980040F20881B9F1610F40F06782FF4307F0E1
:1050A800200306930D9B073323F007031BF0400FE3
:1050B800D3E9000103F1080208BF4FF0FF36069B51
:1050C8000D9200930EAA334602F045FB0130C3B29D
:1050D800B3424BF4C054049301DB049B5E1E0123CE
:1050E8000E9F0593A3464FF0700907F10903122B91
:1050F8000DD907F16303C62B40F20F8107F2E7339E
:1051080040F2CE72934294BF0323042305939DF883
:105118003C2002F00C0312F0010240F019811BF050
:10512800020F40F012811BF0040400F0F880002BFD
:1051380040F0118120231BF4405F1FD1049A5032A4
:10514800002E6A4408BF0126133A049921B112F8C7
:10515800011D302900F036811BF0100F049A18BF8A
:105168003246391DC0F23381B74280F23081BA42EB
:105178004BF4005B40F32D817E1C961B1BF4005200
:105188000A9200F0288127EAE774013403B1013458
:10519800002E00F02881721C1444A245CCBFAAEB53
:1051A800040400241BF0090F04D12C44A54240F04C
:1051B8001F81002443B118464146039B98470028A5
:1051C80005F10105FFF6B3AE1BF4006F13D0039B86
:1051D8004146302098470028FFF6A9AE069BC3F148
:1051E80078004146039B00F0F8009847002805F135
:1051F8000205FFF69CAE1BF0080F05D12C44AC420B
:1052080040F00281254600240A9B002B00F01C81F7
:1052180027EAE77AA7EB0A077642049BBB4284BFDA
:105228000EABFB180AF1FF3A88BF5879039B98BF69
:105238003020564505F10109414600F3EF809847B3
:10524800002807F10107FFF672AEBAF1FF3F08D157
:10525800039B41462E2098470028FFF668AE05F1CB
:1052680002094D46D9E7742F3FF49AAE7A2F3FF4DE
:1052780097AEF8E61BF0800F18BF4BF4007B4BF09D
:10528800800B8DE61BF4807F18BF4BF4007B4BF43A
:10529800807B85E64BF4207B82E62646B34654465F
:1052A800B2467DE6FF4307F0200306930D9B0733C4
:1052B80023F007031BF0400F03F1080208BF06267E
:1052C800B9F1650FD3E900010D9213D1731C0022C7
:1052D800DBB24BF4805B1446112BCDE9002428BFC8
:1052E80011230EAA00F0FCFAC3B2049302230E9F06
:1052F8000593FAE6B9F1660F05D14BF4005B344625
:1053080001221123E8E7F3B2012B4FF0000238BF66
:10531800012314464FF06509DEE70223F6E6002B69
:105328003FF409AFBAF1030F3BDC9DF83C30A64EC1
:1053380013F0080FA54B08BF1E463746B94617F8A5
:10534800010BB0BBAE1BB1447BE033BB2B23F2E6B1
:105358002BBB2D23EFE62022BAF1040F13DD1BF03F
:10536800080FAAF104040FD12C44039B0492414670
:1053780020209847002805F10105FFF6D8ADA54281
:10538800049AF2D19AB10024039B414610469847EB
:10539800002805F10105C8DAC9E52B22DCE72D2232
:1053A800DAE71BF0080FAAF10304BED1DCE71446C4
:1053B800BBE7069BC01A4146039BC0B2984700282A
:1053C800BCDAB4E504990139C9B20491BDE6561EA8
:1053D800D4E60026D2E61BF4006F059A0CBF03241E
:1053E80005241444D2E61BF0100F18BF0134D4E68C
:1053F8000B934146039B2020984700280B9B05F1FF
:105408000105BFF6D3AE92E5039B4146302098478D
:10541800002805F10105BFF6F2AE88E59847002897
:10542800FFF685AD1BF0100F0BD0BAF1FF3F08D186
:1054380005F1020941462E20039B98470028FFF6F4
:1054480076AD4D464C4433E29DF83D00039B414602
:1054580098470028FFF66BAD002E69DD039B414697
:105468002E2098470028FFF662AD4FF0010A049BF2
:105478009A45BBBF0EAB534430205879039B414635
:1054880098470028D346FFF652AD0AF1010A56455F
:10549800EDDA02355D44069BA9EB03004146039B08
:1054A800C0B298470028FFF642AD002FB4BF2D20A8
:1054B8002B20039B4146B8BF7F4298470028FFF640
:1054C80036AD059B042B41D14FF47A79B7FBF9F639
:1054D80006F13000039B4146C0B29847002805F109
:1054E8000305FFF624AD09FB16774FF06409B7FBF7
:1054F800F9F606F13000039B4146C0B298470028F0
:1055080005F10105FFF613AD09FB16774FF00A09FF
:10551800B7FBF9F606F13000039B4146C0B2984745
:10552800002805F10105FFF602AD09FB167715E025
:105538001BF0100F01D10135ADE7039B41462E202A
:105548009847002805F10205A5DAF0E4059B032B2E
:1055580005F10205C9D0059B012BD7D107F1300011
:1055680005F101094146C0B266E7A7F16303122BB2
:1055780000F2FF80DFE813F013005700FD00FD0084
:10558800FD00FD005700FD00FD00FD00FD00FD00D1
:105598001701F800FD00FD002C00FD00B9000D9B6F
:1055A8001A1D1B680D928DF8383001240EAF1BF0C0
:1055B800080F2ED03E19B946B1452CD1EF1BB9447E
:1055C800AAEB04043DE700BFFC90000847890008E7
:1055D8000D9B1A1D0D921F68AB4B002F08BF1F466D
:1055E8001BF0400F14BF31464FF0FF31384601F031
:1055F80089FF0446DBE7039B4146202098470028A3
:10560800FFF695AC013EB442F5D35544AD1BB24606
:10561800D0E75646F7E719F8010B039B4146984730
:105628000028C9DA83E41BF0800F0D9B35D01BF4EA
:10563800007F2DD0073323F00703D3E9000103F1DE
:1056480008020D922BF0100900291FFA89F936DAA1
:10565800404261EB410149F480690DF1380B0A239E
:105668005A4601F05BFF19F0400FA0EB0B0B65D019
:1056780029F001025E4592B240F3B280002F00F09B
:10568800A98019F010033446914626D002345CE014
:105698001A1D18680D92C117D4E71A1D1BF4807FD4
:1056A80019680D9201D10846F5E71BF4007F15BF74
:1056B80048B208B241F3C01141F3C031C2E750EA21
:1056C8000103CAD11BF0400FC7D0002EC5D12BF063
:1056D800110B1FFA8BF93446B34640F2064319EA18
:1056E80003031CBF013400232FE02BF0100B1FFA1B
:1056F8008BFB0A231BF080040D9A57D01BF4007112
:105708001DBF073222F0070202F10801101D19BF60
:105718000D91D2E900010D90106850EA010252D1B2
:105728002BF016091BF0400F1FFA89F94FD0002EF5
:105738004DD12BF0170B1FFA8BF9B34619F0100354
:1057480052D0002F4ED10BF1010419F0080F5ED191
:1057580019F0010F06D0A2456EDDAAEB040404EB94
:105768000B06544622464DE04BF0100B10237827C9
:10577800C0E7B9F1780F04D1C7F1780343F01003FB
:10578800B8E7039B4146252098470028FFF6CFAB92
:10579800039B4146384698470028FFF6C8AB0235B8
:1057A800079BFFF7B5BB08230027A3E7111D0D9141
:1057B8001BF480711068B0D01BF400711ABFC0B21E
:1057C800214680B2A9E72BF0060B1FFA8BF90DF1E1
:1057D800380B45E729F011091FFA89F934467CE7A7
:1057E8009146ABE75C4651E75C4676E7CDE9042392
:1057F8004146039B202098470028FFF698AB049A5F
:10580800059B01329245F1DC2C1BA5181446F3B117
:10581800039B4146302098470028FFF688AB6FB9B4
:105828000135A9462E44A6EB09035B4521DC5D46FC
:105838000EAE5DBBD944C3E65E4693E702354146EA
:105848003846039B98470028EBDAFFF770BB40F215
:10585800064319EA030FE4D019F0020F14BF2B20F6
:10586800202019F4806F05F10105414618BF2D204D
:10587800E7E7039B414630209847002809F10109D2
:10588800D1DAFFF754BB00BF00910008013D039B2C
:10589800705D414698470028CBDAFFF748BB039B69
:1058A800414620209847002805F10105FFF63FAB47
:1058B800631B002BF3DC73E71FB502AB0093074AA9
:1058C8004FF0CC3301F00DFFDDE90201C00840EADA
:1058D8004170C90805B05DF804FB00BFCDCCCCCC45
:1058E8002DE9F04F9BB0044605920A460A93C2F38D
:1058F8000A559DF890300B93D20FC1F31303099208
:10590800090D7DB950EA03021BD1059A3023537162
:10591800099B156043F002031371012738461BB039
:10592800BDE8F08F40F2FF7295424AD10343099BCC
:10593800059A14BF43F0080343F0040313710027CA
:10594800ECE700F0010208924FEA83080122AC4D0F
:1059580048EA907887009A461646C5F1000B5846E3
:10596800069200F011FAB5F1FF3FACBF8146A0F1F5
:105978000109ABEB090B09EB05035846049300F04A
:1059880009FA16A9A0F17D05584600F023FA12ABD2
:10599800069A0193A9EB050510AB029200932046E5
:1059A8002B4616AA514601F0E1FDB9F1010F044654
:1059B8000D4600F2D280089B002B40F0C5800127DD
:1059C8006BE043F4801A00F001024FEA8A080343AF
:1059D800A5F23545089248EA90784FEA800749D100
:1059E80040F2FE7319420CBF01260026002D3246F4
:1059F800B3DB284600F0C2F9032DC8BF0138049074
:105A080000F0C8F9049B7C305D1B054416A91846B4
:105A180000F054FA12AB019310AB009320462B46CA
:105A2800029616AA514601F0A1FD049B152B0446C7
:105A38000D4600F2868014AB724A009338464FF048
:105A4800CC33414601F04DFE149B159A9B0843EA5E
:105A5800827303EB8303BB42DDE9109A0CD138460D
:105A6800414600F09FF9049B83428CBF0027012721
:105A7800002612E00126B9E7089B002B51D1013F0F
:105A880048F1FF31B81B61F1000100F08BF9049B6C
:105A9800089F83428CBF002601260B9B002B40F0F9
:105AA8009180DDF828B04FF00008CDE906884FF066
:105AB8000A0ADDE91001FFF7FFFE129B0E93CDE9FC
:105AC8000C0118461399FFF7F7FE0C9B0D9A0F91DE
:105AD80098420B469341814680F08E8020462946A5
:105AE800FFF7EAFE0E9A0AFB09F3934214BF002659
:105AF80006F001060C9B10930D9BCDE911390F9B05
:105B08001393079BB8F1000F14BF002707F0010794
:105B180001330AFB10485FFA88F8079304460D46DC
:105B2800C7E7B81C48F1000100F03CF9049B834228
:105B38008CBF00200120B9EB00006AF10002CDE91A
:105B4800100200273E46A8E7109B119A013B42F13C
:105B5800FF32CDE9103201278AE7B9F13E0FF0D8BC
:105B68004FF0FF33A9F1200003FA09F203FA00F01D
:105B7800C9F1200123FA01F102430A4303FA09F3A8
:105B880027EA030728EA020857EA08070CBF012793
:105B980000276DE700FB02FCA1FB00120133624401
:105BA8008C4275EB020CF5D2049ADDF828B0134448
:105BB800259A1344D20F9342B8BF13469B45A8BFFA
:105BC8009B4670E70A21002201230846E8E70AFB02
:105BD80003F0A2FB0A2301310344944275EB03004E
:105BE800F5D2594510DDBBF1000F02D154EA050387
:105BF8000AD00123069371E70A2200230121ECE76A
:105C0800CCFBFFFFCDCCCCCC002E2FD04FF00A0A16
:105C1800129B13990D931846FFF74EFE0D9B0C919E
:105C28000AFB00F29A42814620D1DDE91001FFF714
:105C380043FE0E900D9120462946FFF73DFE0D9B31
:105C48000E9A1092CDE911390C9B1393079BB8F16A
:105C5800000F14BF002707F0010701330AFB1048A3
:105C68005FFA88F8079304460D46D1E7DDF81090EF
:105C7800079B9944002F5AD0B8F1050F57D114F05B
:105C880001034AD1069A32B9DDE912239D4208BFC1
:105C980094425FD0069B18194FF00A0445F10001A1
:105CA800002201262546A04271EB020755D2EBB12E
:105CB800B3451BDA0B9B6BB1259ADDF828B006EBD0
:105CC80009031344012BB8BF01239B45A8BF9B467A
:105CD8005E450BDD05304FF00A024FF0000341F13D
:105CE8000001FAF73BFF09F10109013E5E45A8BF33
:105CF8005E4637B20FFA89F9059B09FA86F607F16D
:105D08000508013E98444FF00009B9452CDB059B76
:105D18001A461E60099B137100E6069B2BB9DDE944
:105D280012239D4208BF944209D00123B3E7069B82
:105D380053B9DDE912239D4208BF944204D1089B60
:105D4800002BF2D1002EF0D0B8F1040F94BF00233D
:105D58000123A0E74FF00408F1E705FB02F7A4FBD5
:105D6800054201363A449EE70A220023FAF7F6FE76
:105D7800303208F8012D09F10109C6E7014B5843F3
:105D8800800C704741340100014B5843000D7047A7
:105D9800FB2E0B00024B5843C00C0130704700BF6C
:105DA8004F9312000A4A70B503464FF0CC360020D4
:105DB8004FF0333506FB03F402FB0144A3FB023129
:105DC80021449D4275EB010401D30130F2E770BD17
:105DD800CDCCCCCC2DE9F04F1A23354EB0FBF3FADD
:105DE80003FB1A0389B004460D4606EB0A1653B99D
:105DF800D6E90023C1E90023D6E90201C5E9020179
:105E080009B0BDE8F08F2B4A02EBC303D3E9008940
:105E180004AB0093D6E902234046494601F061FCF1
:105E280006AB0093D6E9002383460F464046494611
:105E380001F057FCDDE9066216EB0B0652EB07088A
:105E48004FF0000328BF0123814633B1049B059A14
:105E5800013342F10002CDE9043220460391FFF7F5
:105E680099FF07461A2000FB0AF0FFF793FF3F1A35
:105E78003246434603990097484601F04DFC4FEAE5
:105E8800141C0D4A640004F01E0352F82C40DC4038
:105E980004F00304241841F10001C5E90041DDE9DB
:105EA800042300973046414601F036FCA6E700BFC0
:105EB80080800008B07F0008288500082DE9F04F91
:105EC8001A27DFF8E4A000F11905B5FBF7F56F43D1
:105ED8003A1A4FEA051B89B004460E460AEB051527
:105EE8000AD1D5E90023C1E90023D5E90201C6E9B1
:105EF800020109B0BDE8F08F2C4B03EBC203D3E9D4
:105F0800008904AB0093D5E902234046494601F0D5
:105F1800E8FB5AF80B206B68013ACDE9020106A9A3
:105F280063F1000300914046494601F0DAFBDDE9E0
:105F380006528A4602996D18039952EB01084FF0F0
:105F4800000328BF0123814633B1049B059A01331E
:105F580042F10002CDE904323846FFF71BFF07463D
:105F68002046FFF717FF3F1A2A4643460097484640
:105F7800514601F0D1FB4FEA141C0D4A640004F0AD
:105F88001E0352F82C40DC4004F0030401342418AA
:105F980041F10001C6E90041DDE9042300972846E4
:105FA800414601F0B9FBA2E750810008B07F000824
:105FB8007C85000870470346F0B419790068DB88CF
:105FC800DA0706694FF00105876854BF43F4B01338
:105FD80083F4D01334688D4023F48012DB074CBF60
:105FE8002C43AC4334603B68F0BC184703460A4670
:105FF80000681979012303FA01F103691B68194242
:1060080018BF82F0010212B18368DB681847836801
:106018001B69FBE7836800EBC101B3F5004F2CBF98
:1060280051F8220031F81200704700EBC101806876
:10603800B0F5004F2CBF41F8223021F812307047DC
:10604800012208B5FFF7E6FFD04008BD836800EBE2
:10605800C101B3F5004F08D34B681AB143F00103EF
:106068004B60704723F00103FAE74B881AB143F0FD
:1060780001034B80704723F00103FAE75300012224
:10608800FFF7D3BF8368481CB3F5004F34BF042320
:1060980008230833A0EBD300B0FA80F0C0F11F004A
:1060A80070472DE9F04186680D460446FFF7C8FFA2
:1060B800B6F5004F014601D3012832D02046FFF73C
:1060C800E1FF04EB80010E6996B90122E368824082
:1060D800204613430222E3602B460D612946FFF751
:1060E800A4FF032229462046BDE8F041FFF79DBFE3
:1060F800022231462046FFF78DFF29460346074610
:106108002046FFF792FF0322334629462046FFF731
:106118008CFF39462B462046FFF787FF022231467F
:10612800E1E7BDE8F081B2F5802F2CBF08230423F6
:10613800D21A2DE9F0418C18CD1D002625F007054F
:1061480024F00704641B05602846EE60E408214635
:10615800AC60FFF797FF421D013031464FEA8202DB
:1061680005F1100002F10707A2F11002B8BF32468C
:10617800FF0801F0BFF931463A462846FFF77EFF8F
:10618800A4EB07083346324631462846FFF74DFF51
:10619800284631460122FFF759FF42463946FFF7A4
:1061A8006DFF3B46324639462846FFF73EFF2146FB
:1061B8002846FFF763FF4346324621462846FFF745
:1061C80034FF214628460122FFF740FF3946BDE843
:1061D800F041FFF766BF2DE9F04706460D46174622
:1061E80098462BB398F800404FF0000A93F80190B6
:1061F800A400DB7804EB430498F802301C444444C0
:10620800CA4509D308F10803D8F8042039463046AE
:10621800AC46BDE8F047604714F8013B0AF1010AB3
:10622800204648F82340FAF7B3FC01300444E7E776
:106238006FF01500BDE8F08770B5002502462846C6
:10624800144614F8013B0BB9184609E098B18D4281
:1062580007D1702B04D0A3F140023A2A0BD80020B2
:1062680070BDA3F140063A2E05D853780135941C29
:10627800002BE9D00020252B224608BF80F0010022
:10628800DEE7002070470FB407B504A951F8040BE6
:10629800019100F097FA03B05DF804EB04B0704781
:1062A80010B50369024613F0080009D11368D468D1
:1062B8009C4297BF126AE31A0120D31A0B6010BDE3
:1062C80000231846FAE713B501A90446FFF7E8FFCB
:1062D80020B1019BE268013B13440193206A019BB2
:1062E800C01A013802B010BD10B504465018226912
:1062F800236AD20702D5013B184010BD984228BF37
:10630800C01AFAE710B504460A46C168FFF7ECFF61
:106318002369E06023F00803236110BD38B58B00C2
:10632800C2690D46016843F00203044642F8213071
:106338002A460168FFF7D8FFE36861682A46984251
:106348002060204602BF236943F008032361FFF75A
:10635800CBFF606038BD2DE9F74FC7689B46C6691B
:1063680004468846914606EB8703009316F82730C3
:1063780003F00303022B4FF000030BD01360CBF89C
:10638800003023699B0713D44FF0000A504603B02E
:10639800BDE8F08F56F8271013608908CBF8003055
:1063A800EFD0FFF7AFFFE368A3604FF0010AEDE716
:1063B800A36906EB8700984716F82720054612F0D0
:1063C800010AE1D012F002021FD0B8F1000F03D089
:1063D80041462046FFF7A2FF61682A462046FFF79C
:1063E80083FF6060D4E90221914206D14FF0000A90
:1063F8002A462046FFF778FFA060A2682260E26084
:10640800226942F008022261C0E701462046019253
:10641800FFF778FFE368A360B8F1000F04D02168A4
:10642800E369019A43F8212005EB08022046CBF8DE
:1064380000202168FFF758FF2369206043F0080314
:10644800236116F827306FF3000306F82730009B06
:10645800C9F80030A9E770B504461546FFF744FFB0
:106468002368834205D12369216023F0080323614F
:1064780070BDAB00E269204643F0020342F82130C8
:106488002A466168FFF730FF6060F1E738B50369B5
:1064980004465B0706D5456AFFF715FF85422CBF02
:1064A8006562606238BD38B50D461C22002104467D
:1064B80001F020F8EB680022A361AB6863612B68E8
:1064C800E3616B68626223622A6923B1591E19422B
:1064D80008BF42F001022261012204F128000021D4
:1064E800BDE8384000F0ABBE2DE9F04F87B000257D
:1064F80004460E4600939246036AA94603958B42CA
:10650800059539D3EFF3118B102383F31288BFF36A
:106518006F8F059AD8462AB129462046FFF79BFF78
:106528000023059304A92046FFF7BAFE04990746FD
:10653800B1422AD322682046E36913F8221003EBFC
:10654800820921F0030103F8221032462168FFF77F
:10655800CBFEE3682060984212D0002788F31188A8
:10656800BFF36F8F039929B162690AB1204690473A
:1065780000230393002FC5D1484607B0BDE8F08F2C
:10658800236943F008032361E7E718B12046FFF7C2
:10659800C5FEE3E7009B5AEA03021CD0019100F014
:1065A8005AFE0199B8B9BBF1000F14D187F31188CD
:1065B800BFF36F8F5246009B04F12800FDF7EAFDF8
:1065C800EFF31188102383F31288BFF36F8FB0FAAB
:1065D80080F77F09C2E705AB03AA20462568FFF7C5
:1065E800BAFE0746BAE770B50446836908460D4601
:1065F80098470246EFF31186102383F31288BFF3FE
:106608006F8F2B78204643F001032B706168FFF7EA
:106618006BFE60602046FFF739FF86F31188BFF3F1
:106628006F8F70BD2DE9F04104461027EFF31186F6
:1066380087F31288BFF36F8F236913F0080FA368DD
:1066480002D16268934200D9226AD21AE16932B94A
:1066580086F31188BFF36F8F4FF0000833E011F80D
:10666800232001EB830812F00300F1D0022803D1A4
:1066780051F82350AD0805D1D00712D4A36940467C
:1066880098470546A1682A462046FFF72DFE294669
:10669800A0602046FFF736FE86F31188BFF36F8FA0
:1066A800C4E742F00202404601F82320A568A36926
:1066B8009847294602462046FFF716FEA06086F353
:1066C8001188BFF36F8F4046BDE8F081F8B50446E6
:1066D800836908460D4698470646EFF3118710234D
:1066E80083F31288BFF36F8F2B786FF300032B703F
:1066F80023699B0705D5E268E36903EB82039D42A2
:106708001AD12B786FF341032B70D4E902319942E7
:1067180004D132462046FFF7E7FDA0603146204607
:10672800FFF7F0FD87F31188BFF36F8F04F128009E
:10673800BDE8F840FDF7FABC2B6860F39F032B60B7
:10674800F0E7EFF31181102383F31288BFF36F8F03
:10675800036913F0080F836802D14268934200D995
:10676800026AD31A81F31188BFF36F8F181E18BFFE
:1067780001207047704703785B075FBF0368428852
:10678800C3F34A2303EB12105DBF173020F0070054
:10679800800800207047002070470346BFF35B8FD6
:1067A80053E8000F421C43E800210029F8D1BFF349
:1067B8005B8F704708B500F065FE0A220023FAF7E0
:1067C800CDF908BD1FB50023CDE902011A461946C7
:1067D8001846CDE90033FBF77FFB05B05DF804FBF5
:1067E8000120FBF72DB9002070474368DA710122B8
:1067F8004368196043685A71FBF714B970B51546B8
:106808000C4669B1D2E901369B1B99420AD8136834
:106818000A460146981900F05FFEAB682344AB6056
:10682800204670BD6FF01B00FBE770B50E4615469D
:106838001946044618B9BDE87040FBF701B933B1F1
:10684800C2F34A231030120D184400F045FE2046CA
:10685800C4E90056BDE87040FBF79ABA2DE9F34148
:106868005F1C06460C4615464FEA870808F11700D4
:1068780020F007008008FBF765F900238DF8047005
:10688800ADF805308DF8073068B1019A0346A8F1D4
:10689800040143F8102F2A46294452F8045B8A421F
:1068A80043F8045FF9D1A2010023314602F4E072F3
:1068B80042EA482222F07F4222F4700222F03F028C
:1068C80002B0BDE8F041FFF7B0BF07B50123019260
:1068D80001AAFFF7C3FF03B05DF804FB07B5CDE9D4
:1068E800002302236A46FFF7B9FF03B05DF804FBF3
:1068F8001FB5CDE90123069B01AA03930323FFF7E4
:10690800ADFF05B05DF804FBF8B506460D46144624
:106918001F4604B9F8BD214628463A46B047241A0E
:106928000544F6E710B54268044681680068D2E974
:106938000023FFF7E9FF636800221A6010BD38B52D
:106948004B6805460C461A68CB689A4202D108463D
:10695800FFF7E8FF6368BFF35B8F53E8002F511C14
:1069680043E800100028F8D1BFF35B8FA36800202C
:106978009D5438BD0A2838B504460D4602D10D206D
:10698800FFF7DDFF29462046FFF7D9FF002038BD75
:106998002DE9F043054687B008460E8891F8009027
:1069A8000C46D1F808801746FBF7E6FA011EC6F335
:1069B8008216C9F3C2091FDB4846FBF7FBF90346F9
:1069C8002146608851F8102BC0F30B100196C2F3D2
:1069D8004A22002A01EB02044FF0000208BF0021FE
:1069E8000092CDE90407CDE9021428464146FBF799
:1069F800EFFA07B0BDE8F0830023E1E74368002021
:106A08001B685B681961704743681B681A6852689D
:106A1800536070472DE9F041436801211B685A68AB
:106A280011751D68D5E901362F68D3E900481CB9EE
:106A38006B681C60BDE8F081214630464246B84785
:106A4800241A0644F3E743681B681868FBF72ABC56
:106A580070B543680C461D686B681869FAF7CCFF77
:106A6800214603460F222868BDE87040184700F009
:106A780041BD00F031BD01460068FBF7ABBC08B56D
:106A8800FBF704FDBDE80840FBF724BD0A460121D9
:106A9800FFF71BBF00210120FBF79CBC6FF08500AE
:106AA800704761B662B680F31188BFF36F8F704785
:106AB80072B6002383F31188BFF36F8FBFF34F8F34
:106AC80030BF62B6BFF36F8F7047202809D9B0F185
:106AD800004F08D80138B0FA80F0C0F11F0040001C
:106AE8007047082070473E20704708B5D1E9043147
:106AF8009847002008BD08B5FCF7F8F9002008BD44
:106B080008B5062201210020FCF716FA002206200B
:106B18001146FBF7ADFF012107220846FCF70CFAE6
:106B2800002207201146FBF7A3FF082201210220BB
:106B3800FCF702FA002208201146FBF799FF092208
:106B480001210320FCF7F8F9002209201146FBF780
:106B58008FFF0A2201210420FCF7EEF900220A2007
:106B68001146FBF785FF052117220846FCF7E4F9D3
:106B7800002217201146FBF77BFF282206210A2056
:106B8800FCF7DAF9002228201146FBF771FF0020F4
:106B980008BD01F01F0101208840704700F0030282
:106BA8000F2304329200934043EA9000C3B2020CD0
:106BB8009B0092FAA2F203F18043B2FA82F203F543
:106BC8009C33914010B59C6824EA104001439960B9
:106BD80010BD0B8882B0C3F30B0303F57D62C2F3CB
:106BE8000B02782A14D803F18043486803F50E3362
:106BF8001A68024300201A600B88C3F30B0303F1E1
:106C0800804303F50E331B680193019B02B0704764
:106C18006FF08500FAE70B88C3F30B0303F57D6279
:106C2800C2F30B02782A0AD803F18043496800208E
:106C380003F50E331A6822EA01021A6070476FF0F2
:106C48008500704701380A2809D840F27573C34097
:106C580013F0010F14BF00206FF0850070476FF02C
:106C68008500704710B50888C0F30B00FFF7EAFFEE
:106C780000281FDB4A68FF2A1BD093B2C2F3845452
:106C8800C2F3054203F1804304FA02F203F50E331E
:106C9800186820EA02021A6049688BB2CA0EC1F36A
:106CA800054103F180438A4003F50E331868024317
:106CB8001A60002010BD0888C0F30B0008B500F565
:106CC8007D63C3F30B03782B0AD800F180404B682F
:106CD80000F50E300268934314BF0120022008BD5E
:106CE800FFF7B0FF002814BF01200220F7E7704724
:106CF800436800205B681B690B60704743685B68EA
:106D0800586942400A40424000205A61704743682F
:106D180000205B68996170474368090400205B683C
:106D280099617047436800205A6853694B40536122
:106D3800704710B503699868F8B1884219D1DC68C2
:106D48000868A142986000D1D860002008602AB184
:106D58009A680A60DA68996002B9D960002010E080
:106D6800814206D108682060D8688142EDD1DC6094
:106D7800EBE7044600680028F2D1002AE8D16FF05A
:106D8800150010BDF0B5446801201E46C2F38013FB
:106D9800676888408B404FF0030E27EA000702F02F
:106DA80030053B43202D90FAA0F7B7FA87F76360C8
:106DB800D4F808C0C2F3C1134FEA4707C2F341220F
:106DC8000EFA07F72CEA070C90FAA0F7B7FA87F73C
:106DD8004FEA470703FA07F343EA0C03A36090FA64
:106DE800A0F3B3FA83F3E7684FEA43030EFA03F319
:106DF80027EA030790FAA0F3B3FA83F34FEA4303B1
:106E080002FA03F242EA0702E26016D107292BD8F8
:106E1800226A90FAA0F32BB3B3FA83F39B000F21F5
:106E280001FA03F322EA030290FAA0F3B3FA83F318
:106E38009B0006FA03F31343236290FAA0F3B3FA14
:106E480083F3032190FAA0F05B00B0FA80F0226887
:106E58002D0901FA03F3400022EA030385401D438C
:106E68002560F0BD2B46D9E7030A616A93FAA3F2BD
:106E780082B1B2FA82F292000F2793FAA3F3B3FA1F
:106E880083F307FA02F29B0021EA02029E401643AE
:106E98006662D2E72A46EEE712F4003CF8B50546EA
:106EA8000C4613461DD0960714D550075DD55022C1
:106EB800D90611D542F4007203F4C061B1F5806FB0
:106EC80042D0B1F5C06F19D0B1F5007F18D142F0AA
:106ED800800215E01022EBE79F06EDD542F48062B0
:106EE800EAE7D60305D5D00605D4C2F340129202CC
:106EF800E2E73022E0E74FF40072DDE742F4C072C7
:106F080013F440372E6908D0306920FA04F1C90714
:106F18005FBF0121A14001433161BCF1000F06D0E0
:106F2800180314D5696801234968A3408B610023BD
:106F380021466868FFF726FF27B9336923FA04F268
:106F4800D2070CD40020F8BD42F48072D8E7590368
:106F5800EDD501212846A140FFF7DEFEE7E7012233
:106F6800A24023EA02033361ECE76FF08500EAE709
:106F780070B50B468968054611B15E680C6801B9A1
:106F880070BD8A682A4002D04B68304698471CB1C9
:106F9800236821461C46F2E72346FAE7F8B51F4660
:106FA800044640680E461546FFF7ECFE112F07D140
:106FB80001212B0501FA06F104D563685B68996124
:106FC8000020F8BD2046FFF7A7FEF9E730B50368B3
:106FD80013600579046804EBC504A34202D36FF07B
:106FE800010030BD5C798C4201D00833F0E7002005
:106FF800F7E74368C1F34B1001F01F011B68C05845
:1070080001238B4003424FF0000014BF01230023EB
:107018001370704710B54368C1F34B1001F01F019E
:107028001A68012384588B4023438350002010BDE5
:1070380010B54368C1F34B14012201F01F01186811
:107048008A40235823EA02032350002010BD38B594
:1070580004460D46FFF7DEFF29462046FFF7E8FF06
:10706800002038BDB0F5805F07D0B0F1805F09D14E
:10707800002914BF012002207047002914BF0320F3
:1070880004207047002914BF02200320704743687A
:107098001B68D869DA69C0F3C000D107DA6948BF4C
:1070A80040F002009207DA6948BF40F00400510737
:1070B800DA6948BF40F02000D20504D54FF4807249
:1070C80040F008001A62C10701D508221A62820737
:1070D80001D501221A62410701D502221A628206ED
:1070E80001D504221A62704710B5436810201B6846
:1070F800DA691206FCD5EFF3118280F31288BFF328
:107108006F8FDC69240604D482F31188BFF36F8F74
:10711800EEE7996282F31188BFF36F8F10BD436861
:107128001B68DA69100701D508221A62DA69920623
:1071380003D55B6A00200B7070474FF0FF30704733
:1071480010B5026904460B46526812680A60426824
:107158001268126802F4C062B2F5806F33D0A2F5EB
:10716800C060424242411A7162681268526802F471
:107178004052B2F5805F28D0B2F5405F27D0002A90
:107188000CBF012203225A716268126810681168E4
:1071980000F0102001F4C061FFF764FF9871626885
:1071A80000201268926802F44072A2F540714A42C7
:1071B8004A41DA7161680968896811F4804F18BF1B
:1071C8000322DA7110BD0222CDE70022DBE702229A
:1071D800D9E710B5436904463BB90020E26840424C
:1071E800537843F00103537010BD98470028F4D03A
:1071F8000028E368B8BF4042FF28A8BFFF201870E6
:10720800ECE740B1C368587810F001001EBF187849
:10721800B0FA80F040097047EFF31183102383F32D
:107228001288BFF36F8FFEE7102408B5EFF31183C0
:1072380084F31288BFF36F8FFFF73AFCF6E73AB191
:107248008A4205D3C0E90212C0E900000020704755
:107258006FF015007047EFF30580003818BF012064
:1072680070476FF05700704700207047D0E9003230
:1072780013605A600023C0E90033704708B5FFF770
:10728800F5FF437B23F0020343730023836008BDAB
:1072980038B504460D46FDF783F8637B43F00203D7
:1072A8006373E5B1A5602B689D4209D16B68C4E999
:1072B80000531C606C6012E06A689A42F6D01B6842
:1072C800002BF3D094F90E2093F90E108A42F3D0D4
:1072D8009142F1DD5A68C4E9003214605C6038BD3F
:1072E80010B5EFF31184102383F31288BFF36F8F67
:1072F800FDF714F884F31188BFF36F8F10BD08B53C
:10730800EFF31181102282F31288BFF36F8F836825
:107318000BB1FFF7B3FF81F31188BFF36F8F08BD7F
:10732800014610B5EFF31184102383F31288BFF3DD
:107338006F8F437B13F0280F0AD183680BB1FFF7D7
:107348009DFF4B7B084623F004034B73FCF7E6FFD5
:1073580084F31188BFF36F8F10BD01211838FFF730
:10736800DFBF08B50346EFF31181102282F31288BC
:10737800BFF36F8F0068834207D008B1FFF77EFF25
:1073880081F31188BFF36F8F08BD0020F8E738B587
:1073980004460D46FDF760F90346B5F1FF3F08BF07
:1073A800B4F1FF3F204614D013F109004FEAE3710E
:1073B80041F100010A2871F100030BD36FF00A03B1
:1073C80083424FF004038B4106D30A220023F9F7C6
:1073D800C5FB38BD0020FCE76FF00040F9E7C11796
:1073E80063304FF0640241F1000108B50023F9F75A
:1073F800B5FBC117FDF730F96423584308BD08B53C
:107408000246FDF7B5FA70B1D0E904319B1A61EB79
:10741800E272B3F1004F72F1000104DA002AACBF46
:107428001846002008BD6FF00040FBE7024638B55B
:10743800EFF31185102383F31288BFF36F8F03686E
:10744800CBB1FDF795FA04461046FDF7A3FA0022E2
:107458004FF000438442C0E9042306D1FDF790FAB7
:10746800FFF7CDFF0021FCF78FFB002085F3118883
:10747800BFF36F8F38BD6FF01500F7E708B5FDF75C
:1074880095FB08BDFDF792BB0023C0E9081200F187
:10749800180203634363C0E90622C0E9003370475A
:1074A80010B50446FFF7C2FFA8B9636A0BB12046BE
:1074B800984704F11800FFF754FF60B1FFF710FF79
:1074C800EFF31180102383F31288BFF36F8FBDE8A9
:1074D8001040FDF719B810BD0A44914200F1FF337E
:1074E80000D1704710B511F8014B03F8014F9142D4
:1074F800F9D110BD02440346934200D1704703F806
:10750800011BF9E710B5024601448A42134603D02D
:107518001C780132002CF8D1181A10BD2DE9F0475B
:10752800C3F13709074688465FFA89F903F01F0552
:1075380016464FF0000A384641462A465346F9F7A0
:107548000DFBD4B2092C88BF4C443A46434688BF49
:10755800E4B2AA4204F1300473EB0A0306F8014BC3
:1075680007468846E7D23046BDE8F0872DE9F04F58
:1075780087B00618994602AB41EB01040093154603
:107588003046D2E900232146DDF844B000F0A9F8DE
:1075980004AB0093D5E902230746884630462146C6
:1075A80000F09FF8DDE90263841951EB0306049BA0
:1075B800D5E900014FF0000228BF0122D218059B2F
:1075C80043F10003381848EB0101B84271EB080198
:1075D800D5E902C134BF0120002014EB0C0C46EBA6
:1075E800010110EB0C0041F10001A04271EB060C07
:1075F80034BF4FF0010C4FF0000CCDE90423A9F182
:10760800410A1CEB020243F10003CDF800A000F090
:1076180083F8109BC3E90001129B012BDDE90423C9
:1076280029D1D5E90201D5E900C5201A66EB010187
:10763800674578EB050534BF01250025401B61F13E
:107648000001844276EB010534BF01250025521B59
:10765800CDF800A063F1000300F05EF8DDE9042333
:10766800CBE90001CDF800A02046314600F054F8DF
:1076780007B0BDE8F08F17EB070E48EB080C201990
:1076880046EB0601BE457CEB080834BF01270027FE
:10769800C71941F10008D5E9000186457CEB010CCA
:1076A800D5E9021534BF01200020381A68F1000C12
:1076B800401A6CEB050192185B41A74278EB06056E
:1076C80034BF01250025521943F10003874278EBA6
:1076D800010834BF01250025521BA9F1400500957A
:1076E800B8E7F0B50F460446A0FB0201A7FB02521B
:1076F8004919A3FB044542F10002A7FB0373611873
:1077080045F10004D219059E43F10003121943F113
:107718000003C6E90023F0BDF0B5059CC4F140079D
:10772800C4F1200602FA06F6A4F12005BB4022FAAD
:1077380005F53343C4F120062B4301FA06F6A4F1FC
:107748002005E04021FA05F53043BA402843E140DE
:1077580010431943F0BD2DE9F0410446CD0FC1F3A4
:107768000A50C1F3130154EA0107157140F2FF767C
:1077780007D0B0420CD145F0080515710020BDE8CE
:10778800F081002863D0B0425ED145F00405F4E7EB
:10779800002859D10120A0F2FF30002B106059DBDE
:1077A8000C2B59DCC3F10D05AD00012005F1FF3CA0
:1077B800A5F12107C5F1210620FA06F600FA07F718
:1077C80000FA0CF03743061847EB0708D6F1000E0D
:1077D80068EB480C013E48F1FF38264008EA0108EA
:1077E800B04277EB08080FDBC5F12008B5F1200699
:1077F80001FA08F824FA05F545EA08055CBF41FADC
:1078080006F63543ED0703D52018044641EB07017A
:1078180004EA0E0401EA0C019DF8186012321846B9
:107828000D25C6F127064FF0300E04F00F0324098A
:1078380044EA017405F1FF3C0911571EB3B9A84287
:107848000CDA65463A46F0E741F48011A3E70446AE
:107858000146A2E70023DFE70D23DDE782F800E019
:107868001CF1010365463A46DFD188E7092BC8BFFA
:107878009B193033A8421370B8BF2846F0E7D1E906
:10788800043293421EBF5A1C0A61187070470000E8
:0C789800014800687047000080070220D3
:0878A4000493FF7F01000000C6
:1078AC00000000005C79000865180008000000006A
:1078BC00000000007C79000800000000BC7A000881
:1078CC0000000000DC7A0008000000009C79000831
:1078DC00000000009C7A000800000000FC7A000800
:1078EC00000000007C7A0008000000005C7A0008B0
:1078FC00000000003C7A0008000000001C7A000820
:10790C0000000000FC79000800000000DC79000891
:10791C0000000000BC790008096B000800000000A2
:10792C00000000003C7B0008000000001C7B0008ED
:10793C00D933000800000000F93A000800000000EC
:10794C0005190008000000001D2F000800000000B1
:10795C003A8E000800000000007F00086200022040
:10796C0000000000213200080000000000000000B0
:10797C00E18E000860840008F07E00087A00022086
:10798C0000000000000000000000000000000000EB
:10799C00118E0008000000000000000060000220B2
:1079AC0000000000C53000080000000000000000CE
:1079BC00478E00081C830008CC7E0008640002205F
:1079CC0020080220D934000800000000000000004C
:1079DC00558E000830830008CC7E0008660002201B
:1079EC0034080220D9340008000000000000000018
:1079FC00638E000844830008CC7E000868000220D7
:107A0C0048080220D93400080000000000000000E3
:107A1C00718E000858830008CC7E00086A00022092
:107A2C005C080220D93400080000000000000000AF
:107A3C007F8E00086C830008CC7E00086C0002204E
:107A4C0070080220D934000800000000000000007B
:107A5C008D8E000880830008CC7E00086E0002200A
:107A6C0084080220D9340008000000000000000047
:107A7C009B8E000894830008CC7E000870000220C6
:107A8C0098080220D9340008000000000000000013
:107A9C00A98E0008A8830008CC7E00087200022082
:107AAC00AC080220D93400080000000000000000DF
:107ABC00B78E0008BC830008CC7E0008740002203E
:107ACC00C0080220D93400080000000000000000AB
:107ADC00C58E0008D0830008CC7E000876000220FA
:107AEC00D4080220D9340008000000000000000077
:107AFC00D38E0008E4830008CC7E000878000220B6
:107B0C00E8080220D9340008000000000000000042
:107B1C00B38F0008648400081C7F00087C000220DE
:107B2C002000022075370008000000000000000053
:107B3C00C38F0008B08400081C7F00087E00022060
:107B4C003000022075370008000000000000000023
:107B5C00000000009D6A0008000000009D6A0008FB
:107B6C00000000009D6A0008000000009D6A0008EB
:107B7C00000000009D6A0008000000009D6A0008DB
:107B8C00D98D0008592F0008D78D0008592F0008EF
:107B9C00D58D0008592F0008D38D0008592F0008E7
:107BAC00D18D0008592F0008000000009D6A0008C4
:107BBC00000000009D6A0008000000009D6A00089B
:107BCC00000000009D6A0008000000009D6A00088B
:107BDC00000000009D6A0008000000009D6A00087B
:107BEC00000000009D6A0008000000009D6A00086B
:107BFC00000000009D6A0008000000009D6A00085B
:107C0C00000000009D6A0008CF8D0008592F000865
:107C1C00000000009D6A0008000000009D6A00083A
:107C2C00000000009D6A0008000000009D6A00082A
:107C3C00000000009D6A0008000000009D6A00081A
:107C4C00000000009D6A0008000000009D6A00080A
:107C5C00000000009D6A0008000000009D6A0008FA
:107C6C00000000009D6A0008000000009D6A0008EA
:107C7C00000000009D6A0008000000009D6A0008DA
:107C8C00000000009D6A0008000000009D6A0008CA
:107C9C00CD8D0008592F0008000000009D6A0008D7
:107CAC00000000009D6A0008000000009D6A0008AA
:107CBC00000000009D6A0008000000009D6A00089A
:107CCC00000000009D6A0008000000009D6A00088A
:107CDC00000000009D6A0008000000009D6A00087A
:107CEC00000000009D6A0008000000009D6A00086A
:107CFC00000000009D6A0008000000009D6A00085A
:107D0C00000000009D6A0008000000009D6A000849
:107D1C00000000009D6A0008000000009D6A000839
:107D2C00000000009D6A0008000000009D6A000829
:107D3C00000000009D6A0008000000009D6A000819
:107D4C00000000009D6A0008000000009D6A000809
:107D5C00000000009D6A0008000000009D6A0008F9
:107D6C00000000009D6A0008000000009D6A0008E9
:107D7C00000000009D6A0008000000009D6A0008D9
:107D8C00000000009D6A0008000000009D6A0008C9
:107D9C00000000009D6A0008000000009D6A0008B9
:107DAC00000000009D6A0008000000009D6A0008A9
:107DBC00000000009D6A0008000000009D6A000899
:107DCC00000000009D6A0008000000009D6A000889
:107DDC00000000009D6A0008000000009D6A000879
:107DEC00000000009D6A0008000000009D6A000869
:107DFC00000000009D6A0008000000009D6A000859
:107E0C00000000009D6A0008000000009D6A000848
:107E1C00000000009D6A0008000000009D6A000838
:107E2C00000000009D6A0008000000009D6A000828
:107E3C00000000009D6A0008000000009D6A000818
:107E4C00000000009D6A0008000000009D6A000808
:107E5C00000000009D6A0008000000009D6A0008F8
:107E6C00000000009D6A0008000000009D6A0008E8
:107E7C00000000009D6A0008000000009D6A0008D8
:107E8C00000000009D6A0008000000009D6A0008C8
:107E9C00000000009D6A0008000000009D6A0008B8
:107EAC00000000009D6A0008000000009D6A0008A8
:107EBC00000000009D6A0008000000009D6A000898
:107ECC00A16E0008F96C0008056D0008176D00081C
:107EDC00216D00082D6D0008293400083B6D000849
:047EEC000000000092
:107EF000FB6F00081D7000083970000857700008FB
:107F0000DB6B00081F6C00080000000079310008DE
:0C7F1000BF6C0008000000006D6C000851
:107F1C0027710008F17000089770000849390008B3
:047F2C00497100088F
:107F300004880008030000002F8E000803000000E2
:107F400031880008030000003588000803000000A5
:107F50006089000803000000568600080300000046
:107F6000718D000803000000BE90000803000000AF
:107F70005987000803000000348E00080300000049
:107F80001588000803000000D38F000803000000DC
:107F9000C4820008080002204F8900080100000088
:107FA0000000F041000034420000B44200003443BD
:107FB00001000000000000000500000000000000BB
:107FC00019000000000000007D000000000000001B
:107FD0007102000000000000350C000000000000ED
:107FE000093D0000000000002D31010000000000EC
:107FF000E1F505000000000065CD1D000000000057
:10800000F902950000000000DD0EE902000000000A
:10801000514A8D0E000000009573C2480000000018
:10802000E941CC6B010000008D49FD1A07000000FA
:10803000C16FF28623000000C52EBCA2B100000073
:10804000D9E9AC2D780300003D9160E4581100009F
:1080500031D6E275BC560000F52E6E4DAEB1010072
:10806000C9EA268367780800ED95C28F055A2A0071
:10807000A1EDCCCE1BC2D30025A4000A8BCA2204DA
:1080800000000000000000000000000000000010E0
:108090000000000000000000B9340332B7F4AD1452
:1080A00010DB1AB30892540E0D307D951447BA1A9E
:1080B00066088F4D26ADC66DF598BF85E2B74511B0
:1080C000CA96853D92BD1DEBFCA11860DCEF5216EF
:1080D0003C92AE220BB8C1B4839D2D5B0562DA1CC5
:1080E000304C7E8F4E8BB25B16F4529F8B56A5128E
:1080F000FBD4827643ED8AF08FE7F93115651918C4
:1081000050F19BD94A13EEB4284CF0A686C1251F26
:10811000035FC270CB9E4916E642889C44EB201454
:10812000B0650836AD6EA58585F0CA14E2FD031A68
:108130000B899979D5B13D09D8DA973A35EBCF104B
:10814000AC363F5E73BB38CF3E6752FA44AFBA15C8
:1081500001000000000000000000000000000020FE
:10816000345065C05FC9A652BB13CBAEC440C21821
:1081700006C8DF7100D5A87CF56F0FDA58FC27130D
:108180006E4756357D24206502C7E768E48CA41D40
:10819000E9E60268D7CD39617977FCC2405BEF161A
:1081A000798CDE43FFA751F991F3B278F5BDBE118A
:1081B000E857E9D6E8BEE87BB054AC8F848D751BD8
:1081C000EA23A499E9F9D38BB7A3714061DA3E158C
:1081D000CEE33ECB73F948088C97B427D51B7010BB
:1081E000A2BFEFB9EB8532154DB44DB49BBB6F19EF
:1081F00096B6076CF8E7EEAD36D9B4F59135AE1307
:10820000222218AF4E6A684D91DAAA3D4F40741E83
:108210009FBD9EE006A1C09857C2A7FDA40E90176F
:108220000E7D497173E3208FB220D87605143B127E
:10823000853D7434811343B0AD297A5F27F4351C32
:10824000DC7A000803000000DC7A0008050000006A
:10825000DC7A000804000000C800000010000000E4
:108260005001022000010000E96700087F67000854
:1082700002000000996900080000000000000000F2
:1082800000000000000000002F8900083789000866
:108290000000000000000000000000003F8900080E
:1082A00043890008478900084B890008B482000808
:1082B0005C070220312300087407022032090220E3
:1082C00001000000596A00084F6A00081D6A000892
:1082D000116A000800000000056A000800000000A4
:1082E00069890008000000900000001000000002F2
:1082F000000002200000000000000B060200000049
:108300000483000800000008BE8D00082800020653
:1083100000000220C68D000824000B11FFFF0000A2
:10832000002802400A0000003000000000040000A5
:10833000FFFF0000002402400900000030000000A0
:1083400000020000FFFF00000020024008000000C3
:108350003000000000010000FFFF0000001C024090
:10836000070000003000000080000000FFFF000058
:10837000001802400600000030000000400000002D
:10838000FFFF000000140240050000003000000064
:1083900020000000FFFF0000001002400400000069
:1083A0003000000010000000FFFF0000000C024041
:1083B000030000003000000008000000FFFF000084
:1083C000000802400200000030000000040000002D
:1083D000FFFF000000040240010000003000000028
:1083E00002000000FFFF000000000240000000004B
:1083F0003000000001000000FC7A0008DC7A000870
:10840000BC7A00089C7A00087C7A00085C7A000834
:108410003C7A00081C7A0008FC790008DC79000826
:10842000BC7900080000000000000000000000000F
:10843000000000000000000000000000000000003C
:10844000000000000000000000000000000000002C
:10845000000000000000000000000000000000001C
:1084600000380240001401407C79000885040000B7
:1084700088840008010000000000000000000000E7
:10848000000000009084000844000000200000006C
:108490009884000801000000A08400080200000089
:1084A000C80D000000020000280D000000000000C0
:1084B000004800407C79000812040000D4840008C1
:1084C00001000000000000000000000000000000AB
:1084D000DC8400084000000000000400E484000880
:1084E00001000000EC840008020000000707000003
:1084F0000002000027070000000000007490000840
:108500008290000896900008A5900008B19000089D
:10851000AC780008AC780008447900084C79000871
:108520005C7900085C790008000000000000000091
:10853000000000000000000000000040955969594B
:10854000555554551555555604051541105455406B
:108550004551554440455044505555450040004014
:108560004004449665555655454045545141154083
:1085700055915555555540510501000054455454E9
:10858000455505040010041014044000000001408B
:1085900055551541540400004400010000000040FE
:1085A00041000044504445505400555554556551C0
:1085B000004000400100000100050100115451512C
:1085C00054555505001541500000044010010405A4
:1085D000000000000010000000304D756E63682040
:1085E0005374657070657220436F6E74726F6C2087
:1085F00041707020537461727465640053746570C7
:1086000070657220696E697469616C697A617469F8
:108610006F6E206661696C6564004D6F76696E6788
:10862000206D6F746F7220252E316620646567722D
:1086300065657300416C6C206D6F76657320636FA8
:108640006D706C65746564207375636365737366C0
:10865000756C6C7921006D61696E5F61707000539B
:10866000746570706572204750494F206465766963
:108670006365206E6F74207265616479004661697C
:108680006C656420746F20636F6E666967757265D0
:1086900020535445502070696E3A2025640046618D
:1086A000696C656420746F20636F6E6669677572AC
:1086B00065204449522070696E3A20256400466165
:1086C000696C656420746F20636F6E66696775728C
:1086D0006520454E2070696E3A202564005374650C
:1086E0007070657220696E697469616C697A65641D
:1086F000202873746570732F7265763D25642C2075
:108700006D6963726F73746570733D2564290049E8
:108710006E76616C696420696E70757420616E6735
:108720006C6520252E3166004D6F76696E672025B9
:108730002E31662064656772656573202825642084
:108740007374657073292E2E2E004D6F766520632D
:108750006F6D706C657465640073746570706572BC
:108760000028756E7369676E65642920636861729D
:10877000202A207573656420666F7220252570207D
:10878000617267756D656E742E204974277320724F
:1087900065636F6D6D656E64656420746F206361E1
:1087A000737420697420746F20766F6964202A20A6
:1087B00062656361757365206974206D61792063FA
:1087C00061757365206D69736265686176696F7242
:1087D00020696E206365727461696E20636F6E66D6
:1087E000696775726174696F6E732E205374726954
:1087F0006E673A2225732220617267756D656E740B
:108800003A25640063627072696E74665F706163BA
:108810006B6167650073746D33325F6261636B75A2
:10882000705F646F6D61696E006C6F6767696E671A
:10883000006C6F67006C6F675F6D676D74004D65EE
:108840007373616765202822257322292064726F63
:10885000707065642062656361757365206974205A
:10886000657863656564732073697A65206C696DEA
:1088700069746174696F6E2028257529004D6573D0
:10888000736167652064726F7070656420626563F0
:10889000617573652069742065786365656473200C
:1088A00073697A65206C696D69746174696F6E2093
:1088B00028257529000D0A001B5B306D00257320EB
:1088C000005B2530386C755D20005B253032753AD1
:1088D000253032753A253032752E253033752C25EA
:1088E0003033755D200025730025732F003C257300
:1088F0003E200025733A20002530327820002020C9
:1089000020007C00256300206D65737361676573CB
:108910002064726F70706564202D2D2D0D0A1B5B15
:10892000306D001B5B313B33316D2D2D2D20001B35
:108930005B313B33316D001B5B313B33336D006585
:1089400072720077726E00696E6600646267006C16
:108950006F675F6261636B656E645F7561727400FF
:108960006C6F675F75617274006D656D6F72792DE4
:10897000706C616365686F6C64657240393030306B
:10898000303030300072302F61313A20203078257D
:10899000303878202072312F61323A20203078250B
:1089A000303878202072322F61333A2020307825F9
:1089B0003038780072332F61343A202030782530F7
:1089C0003878207231322F69703A20203078253083
:1089D0003878207231342F6C723A2020307825306C
:1089E00038780020787073723A202030782530383B
:1089F00078004661756C74696E6720696E73747275
:108A0000756374696F6E2061646472657373202886
:108A10007231352F7063293A20307825303878004C
:108A2000556E68616E646C6564204952516E3A20DF
:108A30002564002A2A2A2A2A2042555320464155D5
:108A40004C54202A2A2A2A2A002020537461636B5E
:108A5000696E67206572726F72002020556E7374A4
:108A600061636B696E67206572726F7200202050BF
:108A70007265636973652064617461206275732037
:108A80006572726F72002020424641522041646438
:108A9000726573733A2030782578002020496D7014
:108AA0007265636973652064617461206275732007
:108AB0006572726F72002020496E737472756374F0
:108AC000696F6E20627573206572726F720020206C
:108AD000466C6F6174696E672D706F696E74206C7F
:108AE000617A792073746174652070726573657240
:108AF000766174696F6E206572726F72002A2A2A1D
:108B00002A2A205553414745204641554C54202A96
:108B10002A2A2A2A0020204469766973696F6E2008
:108B20006279207A65726F002020556E616C6967EA
:108B30006E6564206D656D6F727920616363657326
:108B4000730020204E6F20636F70726F63657373C4
:108B50006F7220696E737472756374696F6E7300DF
:108B60002020496C6C6567616C206C6F6164206FBC
:108B700066204558435F52455455524E20696E74E5
:108B80006F205043002020496C6C6567616C207534
:108B90007365206F6620746865204550535200202D
:108BA00020417474656D707420746F2065786563FE
:108BB00075746520756E646566696E656420696E9E
:108BC000737472756374696F6E002A2A2A2A2A20C8
:108BD0004D5055204641554C54202A2A2A2A2A0015
:108BE0002020537461636B696E67206572726F72C7
:108BF0002028636F6E746578742061726561206DE2
:108C000069676874206265206E6F742076616C6994
:108C1000642900202044617461204163636573739B
:108C20002056696F6C6174696F6E0020204D4D464F
:108C3000415220416464726573733A20307825781C
:108C4000002020496E737472756374696F6E2041E1
:108C500063636573732056696F6C6174696F6E002E
:108C600052657365727665642045786365707469D2
:108C70006F6E20280053707572696F757320696E6E
:108C800074657272757074202849525120005350D7
:108C900053454C20696E20746872656164206D6F65
:108CA000646520646F6573206E6F7420696E6469FB
:108CB0006361746520505350002A2A2A2A2A2048CA
:108CC000415244204641554C54202A2A2A2A2A003F
:108CD0002020427573206661756C74206F6E20765B
:108CE0006563746F72207461626C65207265616483
:108CF0000020204465627567206576656E740020EB
:108D0000204661756C7420657363616C6174696F72
:108D10006E20287365652062656C6F77290041526B
:108D200043485F4558434550542077697468207222
:108D30006561736F6E2025780A002A2A2A2A2A2064
:108D40004465627567206D6F6E69746F7220657817
:108D500063657074696F6E202A2A2A2A2A002A2ADB
:108D60002A2A2A20257320256429202A2A2A2A2A09
:108D7000006D7075004661696C656420746F2061D8
:108D80006C6C6F63617465206E6577204D50552063
:108D9000726567696F6E2025750A0050617274698B
:108DA00074696F6E2025753A2073616E697479203D
:108DB000636865636B206661696C65642E00464C70
:108DC0004153485F30005352414D5F30000A060561
:108DD0000504010301020101010001436C6F636B93
:108DE00020636F6E74726F6C2064657669636520B2
:108DF0006E6F7420726561647900496E76616C698A
:108E000064206C696E65206E756D626572202575D3
:108E100000696E746572727570742D636F6E747212
:108E20006F6C6C65724034303031336330300065C4
:108E30007874695F73746D333200726363403430E9
:108E4000303233383030006770696F403430303240
:108E500032383030006770696F403430303232342D
:108E60003030006770696F4034303032323030302B
:108E7000006770696F403430303231433030006702
:108E800070696F403430303231383030006770698B
:108E90006F403430303231343030006770696F40A9
:108EA0003430303231303030006770696F403430E8
:108EB000303230433030006770696F4034303032C8
:108EC00030383030006770696F40343030323034C1
:108ED0003030006770696F403430303230303030BD
:108EE0000072657365742D636F6E74726F6C6C6560
:108EF00072004661696C65642063616C6C20636C10
:108F00006F636B5F636F6E74726F6C5F6765745FC6
:108F1000726174652870636C6B656E5B305D2900EF
:108F2000556E61626C6520746F20736574202573C3
:108F300020746F20256400636C6F636B20636F6E19
:108F400074726F6C20646576696365206E6F74203F
:108F5000726561647900436F756C64206E6F742074
:108F6000656E61626C6520284C5029554152542031
:108F7000636C6F636B00726573657420636F6E74EE
:108F8000726F6C6C6572206E6F74207265616479AB
:108F900000257320646F6573206E6F742073757085
:108FA000706F72742064726976657220656E61629A
:108FB0006C650073657269616C40343030313134F6
:108FC00030300073657269616C4034303030343851
:108FD000303000756172745F73746D33320000005D
:108FE00000000000000001020304060708094861B0
:108FF0006C74696E672073797374656D00556E6B60
:109000006E6F776E206572726F7200756E6B6E6F29
:10901000776E003E3E3E205A455048595220464108
:1090200054414C204552524F522025643A2025731A
:10903000206F6E20435055202564004661756C7486
:1090400020647572696E6720696E746572727570DE
:10905000742068616E646C696E670A004375727291
:10906000656E74207468726561643A2025702028EA
:109070002573290043505520657863657074696FC6
:109080006E00556E68616E646C656420696E74650F
:10909000727275707400537461636B206F766572C1
:1090A000666C6F77004B65726E656C206F6F7073C6
:1090B000004B65726E656C2070616E6963006F7342
:1090C000002A2A2A20426F6F74696E67205A6570E1
:1090D000687972204F53206275696C642076342E53
:1090E000322E302D353637352D67636237373235BE
:1090F000373966343136202A2A2A0A006E616E001A
:08910000286E756C6C2900005B
:109108008B6200089F670008AC820008000000001E
:1091180000000000FF6A00080000000000000000D6
:10912800000000002800022000C201000001030026
:10913800000000003800022000C201000001030006
:109148000024F400C8000000480002204800022063
:10915800FFFFFFFFFFFFFFFFFFFFFFFFFFFFFFFF17
:1091680000000000000000000000000000000000F7
:1091780000000000000000000000000000000000E7
:1091880000000000000000000000000000000000D7
:1091980000000000000000000000000000000000C7
:1091A80000000000000000000000000000000000B7
:0891B8000000000000000000AF
:0491C00000000000AB
:1091C400BC000220BC0002200000000001000000DE
:0491D40015E015E0AD
:04000005080029794D
:00000001FF
